analysis,go_id,term,foreground_overlap,foreground_total,universe_term_genes,universe_total,odds_ratio,p_value,overlap_symbols,fdr
OSD-255 discovery panel vs transcriptome,GO:0009628,response to abiotic stimulus,51,312,1116,15501,2.5914197830662133,2.6439257431033827e-08,Abca7;Acadm;Actb;Adrb1;Aqp1;Bnip3;Cabp5;Cacna2d4;Calr;Cartpt;Casp7;Clcn7;Cpt1a;Cst3;Fam162a;Frmpd1;Gpr88;Guca1a;Guca1b;Higd1a;Hk2;Hsp90aa1;Hsp90b1;Hspa8;Hspb6;Lgmn;Map1b;Mylk;Noc2l;Npepps;Pcare;Pcp2;Pde8b;Pdzd8;Per1;Per3;Pgk1;Rab11b;Rad54b;Rcvrn;Rnf4;Rpain;Sik1;Slc4a10;Slc7a5;Sprtn;Stc1;Vac14;Vgf;Vldlr;Xbp1,3.93151757999473e-05
OSD-255 discovery panel vs transcriptome,GO:0008104,intracellular protein localization,64,312,1620,15501,2.2610498382950492,8.733816439685422e-08,Abca7;Acd;Actb;Actg1;Ahi1;Akap11;Calr;Camk2a;Cfap70;Clip1;Creld2;Ctnna1;Dchs1;Dlg1;Doc2b;Ehd4;Fgf13;Frmpd1;Gak;Gckr;Grip1;H2ac6;Hcn1;Hk2;Hltf;Hsp90aa1;Hsp90b1;Hspa5;Hspa8;Ipo4;Kif1b;Lrp4;Map1a;Mapre1;Mfn2;Mylk;Nphp4;Nptx1;Nptxr;Nudcd3;Ogt;Pacrg;Pacs1;Pak2;Pals1;Pcare;Pom121;Ppp2r2b;Prpf19;Rab11b;Ranbp2;Rpain;Rrs1;Sesn2;Snord32a;Stxbp1;Sv2a;Syt1;Tnks;Vgf;Vldlr;Vps53;Zdhhc3;Zdhhc5,6.49359252290611e-05
OSD-255 discovery panel vs transcriptome,GO:0033036,macromolecule localization,70,312,1976,15501,2.015839497714915,1.2341358986548934e-06,Abca7;Acd;Actb;Actg1;Ahi1;Akap11;Atp10a;Calr;Camk2a;Cfap70;Clip1;Creld2;Ctnna1;Dchs1;Dlg1;Doc2b;Drd4;Ehd4;Fabp12;Fgf13;Frmpd1;Gak;Gckr;Grip1;H2ac6;Hcn1;Hk2;Hltf;Hsp90aa1;Hsp90b1;Hspa5;Hspa8;Ipo4;Kif1b;Lrp4;Map1a;Mapre1;Mfn2;Mylk;Nol6;Nphp4;Nptx1;Nptxr;Nudcd3;Ogt;Pacrg;Pacs1;Pak2;Pals1;Pcare;Pdzd8;Pitpnm3;Pom121;Ppp2r2b;Prpf19;Rab11b;Ranbp2;Rpain;Rrs1;Sesn2;Snord32a;Stxbp1;Sv2a;Syt1;Tnks;Vgf;Vldlr;Vps53;Zdhhc3;Zdhhc5,0.000590524914079566
OSD-255 discovery panel vs transcriptome,GO:1990778,protein localization to cell periphery,19,312,266,15501,3.9228143869782097,1.939728624215469e-06,Camk2a;Clip1;Dchs1;Dlg1;Ehd4;Fgf13;Gak;Grip1;Hsp90b1;Kif1b;Mylk;Nptx1;Nptxr;Pacs1;Pals1;Sesn2;Stxbp1;Zdhhc3;Zdhhc5,0.000590524914079566
OSD-255 discovery panel vs transcriptome,GO:0031667,response to nutrient levels,28,312,516,15501,2.9700704225352115,1.985625131404055e-06,Acadm;Adrb1;Bnip3;Cartpt;Cpt1a;Cst3;Eef2;Eif4g1;Fasn;Higd1a;Hnrnpa1;Hsp90aa1;Hspa5;Hspa8;Map1b;Mybbp1a;Ogt;Pak2;Pdia3;Pnpla3;Prox1;Sesn2;Sik2;Slc7a5;Stc1;Vgf;Xbp1;Zdhhc3,0.000590524914079566
OSD-255 discovery panel vs transcriptome,GO:1901698,response to nitrogen compound,38,312,882,15501,2.3571712733939876,7.710596734106726e-06,Actb;Aqp1;Atp5f1a;Camk2a;Cartpt;Casp7;Cpt1a;Ctnna1;Ddx21;Drd4;Eef2;Eprs1;Hcn1;Hdac5;Hdac9;Hsp90aa1;Hsp90b1;Lgmn;Lynx1;Map1b;Ncam1;Nr4a3;Ogt;Per1;Prnp;Ranbp2;Rapgef1;Rnf4;Sesn2;Sik2;Slc3a2;Slc7a5;Stc1;Tmbim6;Trpc1;Vgf;Xbp1;Zdhhc5,0.0019109428906027837
OSD-255 discovery panel vs transcriptome,GO:0009416,response to light stimulus,20,312,329,15501,3.298310945604469,1.1915432457874016e-05,Abca7;Aqp1;Cabp5;Cacna2d4;Casp7;Frmpd1;Gpr88;Guca1a;Guca1b;Noc2l;Pcare;Pcp2;Pde8b;Per1;Per3;Rcvrn;Rpain;Sik1;Slc4a10;Sprtn,0.002484480814425234
OSD-255 discovery panel vs transcriptome,GO:0006457,protein folding,14,312,179,15501,4.277730323367908,1.6031902666657874e-05,Calr;Cox14;Creld2;Dnajb2;Hsp90aa1;Hsp90b1;Hspa5;Hspa8;Hspb6;Nktr;Nudcd3;Pdia3;Ranbp2;St13,0.002484480814425234
OSD-255 discovery panel vs transcriptome,GO:0009583,detection of light stimulus,8,312,57,15501,8.131041890440386,1.726312606198077e-05,Cabp5;Cacna2d4;Gpr88;Guca1a;Guca1b;Pcare;Pcp2;Rcvrn,0.002484480814425234
OSD-255 discovery panel vs transcriptome,GO:0071248,cellular response to metal ion,14,312,181,15501,4.225937386971024,1.817495182473638e-05,Adcy1;Aqp1;Bnip3;Calr;Guca1a;Hnrnpa1;Hsp90b1;Hspa8;Itpkc;Lgmn;Mylk;Nptx1;Prnp;Syt1,0.002484480814425234
OSD-255 discovery panel vs transcriptome,GO:1901701,cellular response to oxygen-containing compound,40,312,990,15501,2.2041795665634676,1.964262637488929e-05,Actb;Adcy1;Aqp1;Atp5f1a;Bnip3;Camk2a;Cartpt;Casp7;Cpt1a;Cst3;Ctnna1;Drd4;Eprs1;Grip1;Hcn1;Hdac9;Hsp90aa1;Hsp90b1;Hspa8;Lgmn;Lynx1;Map1b;Ncam1;Nptx1;Nr4a3;Ogt;Pdia3;Ppef2;Prnp;Prpf8;Rab11b;Rapgef1;Rnf4;Sesn2;Sik2;Slc7a5;Snrnp70;Stc1;Trpc1;Xbp1,0.002484480814425234
OSD-255 discovery panel vs transcriptome,GO:0032879,regulation of localization,68,312,2059,15501,1.8473787782727191,2.0049609800338135e-05,Abca7;Abr;Acd;Actb;Actg1;Adrb1;Ahi1;Aqp1;Calr;Camk2a;Cartpt;Cbarp;Ckmt1;Cpsf6;Cpt1a;Ctnna1;Dclk1;Dlg1;Dnajb2;Doc2b;Drd4;Ehd4;Eif4g1;Eprs1;Fgf13;Gnaz;Gramd2a;Grip1;Hcls1;Hcn1;Hk2;Hsp90aa1;Hspa8;Iqsec1;Lrp4;Map1a;Map1b;Mapre1;Mfn2;Mylk;Ncdn;Nr4a3;Ogt;Pde8b;Per1;Pla2r1;Prnp;Pros1;Rab11b;Ranbp2;Rapgef1;Rcvrn;Rnf4;Sesn2;Sik1;Slc7a5;Stc1;Stxbp1;Sv2a;Syt1;Tmbim6;Trpc1;Vac14;Vtn;Wnk2;Xbp1;Zdhhc3;Zdhhc5,0.002484480814425234
OSD-255 discovery panel vs transcriptome,GO:0009914,hormone transport,10,312,97,15501,5.747887645581183,2.528667437321233e-05,Aqp1;Cartpt;Crym;Dio2;Rab11b;Slc3a2;Slc7a5;Slc7a8;Snord32a;Vgf,0.0028924065225359027
OSD-255 discovery panel vs transcriptome,GO:0070327,thyroid hormone transport,4,312,10,15501,32.86363636363637,3.0724516232202655e-05,Crym;Slc3a2;Slc7a5;Slc7a8,0.003263382545520382
OSD-255 discovery panel vs transcriptome,GO:0007602,phototransduction,6,312,33,15501,11.010893246187363,4.4380522405045694e-05,Cabp5;Gpr88;Guca1a;Guca1b;Pcp2;Rcvrn,0.0043995891210868625
OSD-255 discovery panel vs transcriptome,GO:0042026,protein refolding,5,312,22,15501,14.535351599923358,6.357783539551511e-05,Dnajb2;Hsp90aa1;Hspa5;Hspa8;Hspb6,0.0055770914790067554
OSD-255 discovery panel vs transcriptome,GO:0010662,regulation of striated muscle cell apoptotic process,8,312,68,15501,6.635526315789473,6.375962013659371e-05,Adrb1;Bnip3;Camk2a;Hsp90aa1;Hspa8;Hspb6;Mfn2;Trip10,0.0055770914790067554
OSD-255 discovery panel vs transcriptome,GO:0051604,protein maturation,24,312,501,15501,2.570230607966457,8.111391625344198e-05,Calr;Casp7;Cox14;Creld2;Dnajb2;Dohh;Hsp90aa1;Hsp90b1;Hspa5;Hspa8;Hspb6;Lgmn;Nktr;Nudcd3;Ogt;Pak2;Pdia3;Pgk1;Pigt;Ranbp2;Rnf123;Sprtn;St13;Zdhhc5,0.006393495372023574
OSD-255 discovery panel vs transcriptome,GO:0051128,regulation of cellular component organization,78,312,2569,15501,1.6991837280877826,8.169227442397304e-05,Abca7;Abr;Acd;Actb;Actg1;Adgrb2;Adrb1;Ahi1;Aqp1;Atp10a;Bnip3;Calr;Casp7;Cdh4;Cdk2ap2;Ckmt1;Clip1;Cst3;Dclk1;Dlg1;Dnajb2;Doc2b;Dpf3;Drd4;Ehd4;Eif4g1;Eif4g2;Fam162a;Fgf13;Fhod3;Gak;Grip1;Hcls1;Higd1a;Hnrnpa1;Hsp90aa1;Hspa5;Hspa8;Iqsec1;Kctd10;Lrp4;Map1a;Map1b;Mapre1;Mfn2;Mylk;Ncam1;Ncdn;Nin;Nphp4;Nptxr;Ntm;Ogt;Pak2;Phf23;Pias2;Prdm9;Prnp;Pros1;Prox1;Psd;Rab11b;Rapgef1;Rhoc;Rnf4;Sema6c;Sesn2;Slitrk2;Stxbp1;Syt1;Tnks;Trip10;Vac14;Vldlr;Vtn;Xbp1;Zdhhc5;Zfp207,0.006393495372023574
OSD-255 discovery panel vs transcriptome,GO:0009314,response to radiation,22,312,444,15501,2.6546331099852916,9.914911715770464e-05,Abca7;Aqp1;Cabp5;Cacna2d4;Casp7;Frmpd1;Gpr88;Guca1a;Guca1b;Noc2l;Pcare;Pcp2;Pde8b;Per1;Per3;Rad54b;Rcvrn;Rnf4;Rpain;Sik1;Slc4a10;Sprtn,0.007173276205224044
OSD-255 discovery panel vs transcriptome,GO:1902414,protein localization to cell junction,10,312,114,15501,4.802916454406521,0.00010130383342952583,Actb;Actg1;Dlg1;Grip1;Map1a;Mylk;Nptx1;Nptxr;Pak2;Sv2a,0.007173276205224044
OSD-255 discovery panel vs transcriptome,GO:0072657,protein localization to membrane,19,312,357,15501,2.849213401458085,0.00011826858982437586,Camk2a;Clip1;Dchs1;Dlg1;Ehd4;Fgf13;Gak;Grip1;Hsp90b1;Lrp4;Mylk;Nptx1;Nptxr;Pacs1;Pals1;Sesn2;Stxbp1;Zdhhc3;Zdhhc5,0.007671756859509779
OSD-255 discovery panel vs transcriptome,GO:0051130,positive regulation of cellular component organization,44,312,1224,15501,1.9491398937515811,0.00011866200925939805,Abca7;Abr;Acd;Adgrb2;Ahi1;Aqp1;Atp10a;Bnip3;Calr;Casp7;Cdh4;Clip1;Dlg1;Doc2b;Eif4g1;Eif4g2;Fam162a;Grip1;Hnrnpa1;Hsp90aa1;Hspa5;Hspa8;Iqsec1;Kctd10;Lrp4;Map1b;Mapre1;Mfn2;Nin;Nphp4;Ntm;Pias2;Prdm9;Pros1;Prox1;Rapgef1;Rhoc;Slitrk2;Stxbp1;Syt1;Tnks;Vldlr;Vtn;Zdhhc5,0.007671756859509779
OSD-255 discovery panel vs transcriptome,GO:0042149,cellular response to glucose starvation,7,312,56,15501,7.091334894613583,0.00012457307430433878,Higd1a;Hnrnpa1;Hspa5;Mybbp1a;Sesn2;Slc7a5;Xbp1,0.007718340062106323
OSD-255 discovery panel vs transcriptome,GO:0015801,aromatic amino acid transport,4,312,14,15501,19.712987012987014,0.00013740078597999239,Slc3a2;Slc7a1;Slc7a5;Slc7a8,0.008172598750089946
OSD-255 discovery panel vs transcriptome,GO:0033365,protein localization to organelle,30,312,729,15501,2.205278056798466,0.00016704569258251182,Abca7;Acd;Akap11;Calr;Dlg1;Gak;Gckr;H2ac6;Hk2;Hltf;Hsp90aa1;Hspa5;Hspa8;Ipo4;Mapre1;Nphp4;Nptx1;Nptxr;Nudcd3;Ogt;Pacs1;Pcare;Pom121;Ppp2r2b;Ranbp2;Rpain;Rrs1;Tnks;Vps53;Zdhhc3,0.009553728648853656
OSD-255 discovery panel vs transcriptome,GO:1903332,regulation of protein folding,4,312,15,15501,17.919716646989375,0.00018440443352585477,Dnajb2;Hspa8;Pdia3;Snrnp70,0.009810424837299783
OSD-255 discovery panel vs transcriptome,GO:0065008,regulation of biological quality,84,312,2893,15501,1.6237282419291375,0.00018977265108620632,Abca7;Abr;Adcy1;Adgrb2;Adrb1;Akap11;Aqp1;Arhgap15;Atp10a;Bnip3;Calr;Camk2a;Cartpt;Cdh4;Ckmt1;Cpt1a;Crym;Csdc2;Dclk1;Dio2;Dkk3;Dlg1;Doc2b;Drd4;Eif4g1;Eif4g2;Fgf13;Fgfbp3;Fhod3;Gnaz;Gpr88;Grip1;Hcls1;Hcn1;Hk2;Hnrnpa1;Hsp90aa1;Hsp90b1;Hspa8;Ide;Iqsec1;Lgmn;Lrp4;Manf;Map1a;Map1b;Mfn2;Mylk;Ncdn;Nptx1;Nptxr;Ntm;Ogt;Pde8b;Pdia3;Per3;Prnp;Prss56;Psd;Rab11b;Scn4a;Sema6c;Slc1a7;Slc3a2;Slc4a10;Slc7a5;Slc7a8;Slitrk2;Snord32a;Strip2;Stxbp1;Sv2a;Syt1;Tmbim6;Trpc1;Ubb;Usp47;Vac14;Vgf;Vldlr;Vtn;Xbp1;Zdhhc5;Zfp207,0.009810424837299783
OSD-255 discovery panel vs transcriptome,GO:0051049,regulation of transport,55,312,1682,15501,1.7838804799360979,0.0001913263754416232,Abca7;Abr;Actb;Actg1;Adrb1;Ahi1;Aqp1;Calr;Camk2a;Cartpt;Cbarp;Ckmt1;Cpsf6;Cpt1a;Dlg1;Doc2b;Drd4;Ehd4;Eprs1;Fgf13;Gnaz;Gramd2a;Grip1;Hcls1;Hcn1;Hk2;Hsp90aa1;Hspa8;Iqsec1;Map1b;Mfn2;Mylk;Ncdn;Nr4a3;Pde8b;Per1;Pla2r1;Prnp;Pros1;Rab11b;Ranbp2;Rapgef1;Rcvrn;Sik1;Slc7a5;Stc1;Stxbp1;Sv2a;Syt1;Tmbim6;Trpc1;Vac14;Vtn;Wnk2;Xbp1,0.009810424837299783
OSD-255 discovery panel vs transcriptome,GO:0051668,localization within membrane,25,312,571,15501,2.336122066087223,0.00023494818199504822,Camk2a;Clip1;Dchs1;Dlg1;Ehd4;Fgf13;Frmpd1;Gak;Grip1;Hsp90b1;Hspa5;Lrp4;Mylk;Nptx1;Nptxr;Pacs1;Pals1;Rab11b;Sesn2;Srp9;Stxbp1;Syt1;Vps53;Zdhhc3;Zdhhc5,0.011645598220887891
OSD-255 discovery panel vs transcriptome,GO:0072659,protein localization to plasma membrane,13,312,203,15501,3.4322654462242563,0.0002447080307842751,Dchs1;Dlg1;Ehd4;Fgf13;Gak;Grip1;Hsp90b1;Pacs1;Pals1;Sesn2;Stxbp1;Zdhhc3;Zdhhc5,0.01173809167020055
OSD-255 discovery panel vs transcriptome,GO:0010665,regulation of cardiac muscle cell apoptotic process,7,312,64,15501,6.09283865401208,0.00029090732545859147,Adrb1;Bnip3;Camk2a;Hspa8;Hspb6;Mfn2;Trip10,0.013274621592376632
OSD-255 discovery panel vs transcriptome,GO:1901700,response to oxygen-containing compound,49,312,1471,15501,1.8037653815918242,0.0002945948302275917,Abr;Actb;Adcy1;Aqp1;Atp5f1a;Bnip3;Calr;Camk2a;Cartpt;Casp7;Cpt1a;Cst3;Ctnna1;Drd4;Eef2;Eprs1;Gckr;Grip1;Hcn1;Hdac5;Hdac9;Hsp90aa1;Hsp90b1;Hspa8;Lgmn;Lynx1;Map1b;Ncam1;Nptx1;Nr4a3;Ogt;Pdia3;Per1;Ppef2;Prnp;Prpf8;Rab11b;Rapgef1;Rnf4;Sesn2;Sik2;Slc7a5;Snrnp70;Stc1;Tmbim6;Trpc1;Vgf;Xbp1;Zdhhc5,0.013274621592376632
OSD-255 discovery panel vs transcriptome,GO:0048666,neuron development,35,312,941,15501,1.9919549573242163,0.00033319209946338203,Actb;Actg1;Adcy1;Ahi1;Camk2a;Cdh4;Ctnna1;Dclk1;Dscaml1;Grip1;Hcn1;Iqsec1;Lrp4;Map1a;Map1b;Map4;Ncam1;Ncdn;Nin;Nphp4;Nptx1;Nptxr;Nr4a3;Pak2;Pals1;Pcare;Pdzd8;Psd;Sema6c;Slc4a10;Slitrk2;Stxbp1;Ubb;Unc5a;Vldlr,0.014572254467707326
OSD-255 discovery panel vs transcriptome,GO:0010660,regulation of muscle cell apoptotic process,9,312,111,15501,4.39341875364007,0.0004046834055072714,Adrb1;Bnip3;Camk2a;Hsp90aa1;Hspa8;Hspb6;Mfn2;Slc7a5;Trip10,0.01719326354255179
OSD-255 discovery panel vs transcriptome,GO:0030100,regulation of endocytosis,17,312,332,15501,2.7210976594027443,0.00041967142627406773,Abca7;Abr;Actb;Actg1;Ahi1;Calr;Drd4;Ehd4;Hspa8;Iqsec1;Mylk;Ncdn;Pros1;Rapgef1;Syt1;Vac14;Vtn,0.017334761413042743
OSD-255 discovery panel vs transcriptome,GO:0010038,response to metal ion,17,312,337,15501,2.677680084745763,0.0004975249742932173,Adcy1;Aqp1;Bnip3;Calr;Guca1a;Hcn1;Hnrnpa1;Hsp90b1;Hspa8;Itpkc;Lgmn;Mylk;Ncam1;Nptx1;Prnp;Syt1;Trpc1,0.0199951253182166
OSD-255 discovery panel vs transcriptome,GO:0070887,cellular response to chemical stimulus,54,312,1720,15501,1.6989167760127306,0.0005975134478195291,Actb;Adcy1;Aqp1;Atp5f1a;Bnip3;Calr;Camk2a;Cartpt;Casp7;Cpt1a;Cst3;Ctnna1;Cxcl14;Drd4;Eprs1;Fam162a;Grip1;Guca1a;Hcn1;Hdac9;Higd1a;Hnrnpa1;Hsp90aa1;Hsp90b1;Hspa8;Itpkc;Lgmn;Lynx1;Map1b;Mylk;Ncam1;Npepps;Nptx1;Nr4a3;Ogt;Pdia3;Pgk1;Pias2;Pla2r1;Ppef2;Prnp;Prpf8;Rab11b;Rapgef1;Rnf4;Sesn2;Sik2;Slc7a5;Snrnp70;Stc1;Syt1;Trpc1;Vldlr;Xbp1,0.023049680647071462
OSD-255 discovery panel vs transcriptome,GO:1900102,negative regulation of endoplasmic reticulum unfolded protein response,4,312,20,15501,12.315746753246753,0.0006045309651888278,Abca7;Hspa5;Tmbim6;Xbp1,0.023049680647071462
OSD-255 discovery panel vs transcriptome,GO:1901699,cellular response to nitrogen compound,24,312,578,15501,2.201413959085439,0.0006670425231450322,Actb;Aqp1;Atp5f1a;Camk2a;Casp7;Ctnna1;Drd4;Eprs1;Hcn1;Hdac9;Hsp90b1;Lgmn;Lynx1;Map1b;Nr4a3;Prnp;Rapgef1;Rnf4;Sesn2;Sik2;Slc7a5;Stc1;Trpc1;Xbp1,0.024797305797916575
OSD-255 discovery panel vs transcriptome,GO:0015820,L-leucine transport,3,312,10,15501,21.056865464632455,0.000872556717196718,Slc3a2;Slc7a5;Slc7a8,0.030892662820750465
OSD-255 discovery panel vs transcriptome,GO:1990416,cellular response to brain-derived neurotrophic factor stimulus,3,312,10,15501,21.056865464632455,0.000872556717196718,Dlg1;Eef2;Grip1,0.030892662820750465
OSD-255 discovery panel vs transcriptome,GO:0031175,neuron projection development,29,312,772,15501,1.9923716762813348,0.0009370907098517599,Actb;Actg1;Adcy1;Camk2a;Cdh4;Ctnna1;Dclk1;Dscaml1;Grip1;Iqsec1;Lrp4;Map1a;Map1b;Map4;Ncam1;Ncdn;Nin;Nptx1;Nptxr;Nr4a3;Pak2;Pdzd8;Psd;Sema6c;Slitrk2;Stxbp1;Ubb;Unc5a;Vldlr,0.032405904315106204
OSD-255 discovery panel vs transcriptome,GO:0042221,response to chemical,82,312,2965,15501,1.521802470252907,0.0010971085621575057,Abr;Actb;Actg1;Adcy1;Aqp1;Arid5b;Atp5f1a;Bnip3;Calr;Camk2a;Cartpt;Casp7;Commd3;Cpt1a;Cst3;Ctnna1;Cxcl14;Ddx21;Dnajb2;Drd4;Eef2;Eprs1;Fam162a;Fasn;Fgf13;Gckr;Grip1;Guca1a;Hcls1;Hcn1;Hdac5;Hdac9;Higd1a;Hk2;Hnrnpa1;Hsp90aa1;Hsp90b1;Hspa5;Hspa8;Irf7;Itpkc;Lgmn;Lrrc2;Lynx1;Map1b;Mylk;Ncam1;Npepps;Nptx1;Nr4a3;Ogt;Pdia3;Per1;Pfkp;Pgk1;Pias2;Pla2r1;Ppef2;Prnp;Prpf8;Rab11b;Rad54b;Ranbp2;Rapgef1;Rnf4;Sdad1;Sema6c;Sesn2;Sik2;Slc3a2;Slc6a11;Slc7a5;Snrnp70;Stc1;Stxbp1;Syt1;Tmbim6;Trpc1;Vgf;Vldlr;Xbp1;Zdhhc5,0.035883136136259854
OSD-255 discovery panel vs transcriptome,GO:0023061,signal release,11,312,181,15501,3.228630056673832,0.0011159659320667983,Aqp1;Cartpt;Dio2;Doc2b;Rab11b;Snord32a;Stxbp1;Sv2a;Syt1;Vgf;Xbp1,0.035883136136259854
OSD-255 discovery panel vs transcriptome,GO:0099072,regulation of postsynaptic membrane neurotransmitter receptor levels,8,312,103,15501,4.181163434903047,0.0011180972882209284,Dlg1;Drd4;Grip1;Hsp90aa1;Mylk;Nptx1;Nptxr;Zdhhc5,0.035883136136259854
OSD-255 discovery panel vs transcriptome,GO:0048667,cell morphogenesis involved in neuron differentiation,20,312,464,15501,2.274620510921881,0.0011880982791732991,Actb;Actg1;Adcy1;Camk2a;Cdh4;Dclk1;Dscaml1;Grip1;Lrp4;Map1a;Map1b;Ncam1;Nin;Nptx1;Nr4a3;Sema6c;Slitrk2;Stxbp1;Unc5a;Vldlr,0.035883136136259854
OSD-255 discovery panel vs transcriptome,GO:0071456,cellular response to hypoxia,9,312,129,15501,3.729950495049505,0.001198755908254478,Aqp1;Bnip3;Fam162a;Higd1a;Hsp90aa1;Npepps;Pgk1;Stc1;Vldlr,0.035883136136259854
OSD-255 discovery panel vs transcriptome,GO:0050877,nervous system process,35,312,1011,15501,1.8400270758122743,0.0012008310752739057,Abca7;Abr;Adcy1;Adrb1;Aqp1;Arr3;Cabp5;Cacna2d4;Cartpt;Crym;Csmd1;Drd4;Eef2;Fgf13;Gpr88;Guca1a;Guca1b;Hcn1;Hsp90aa1;Lgmn;Manf;Map1a;Ncam1;Nr4a3;Pcare;Pde8b;Ppef2;Prnp;Rcvrn;Rs1;Sag;Scn4a;Slc1a7;Slc4a10;Syt1,0.035883136136259854
OSD-255 discovery panel vs transcriptome,GO:0031669,cellular response to nutrient levels,14,312,271,15501,2.729585041652521,0.0012240029546562528,Cartpt;Eif4g1;Higd1a;Hnrnpa1;Hspa5;Mybbp1a;Ogt;Pak2;Pdia3;Sesn2;Sik2;Slc7a5;Xbp1;Zdhhc3,0.035883136136259854
OSD-255 discovery panel vs transcriptome,GO:0034976,response to endoplasmic reticulum stress,13,312,241,15501,2.852974828375286,0.0012306926314386366,Calr;Dnajb2;Eef2;Eif4g1;Hsp90b1;Hspa5;Manf;Pdia3;Pias2;Sesn2;Sik2;Tmbim6;Xbp1,0.035883136136259854
OSD-255 discovery panel vs transcriptome,GO:0007043,cell-cell junction assembly,8,312,105,15501,4.094411285946826,0.0012666911661659995,Actb;Actg1;Cdh4;Ctnna1;Dlg1;Frmpd2;Pak2;Rhoc,0.03622249546324695
OSD-255 discovery panel vs transcriptome,GO:0035418,protein localization to synapse,7,312,83,15501,4.563891285591026,0.0014054313867074546,Dlg1;Grip1;Map1a;Mylk;Nptx1;Nptxr;Sv2a,0.03912944251205391
OSD-255 discovery panel vs transcriptome,GO:0010664,negative regulation of striated muscle cell apoptotic process,5,312,42,15501,6.669601197288494,0.0014780306541896055,Hsp90aa1;Hspa8;Hspb6;Mfn2;Trip10,0.03912944251205391
OSD-255 discovery panel vs transcriptome,GO:0043297,apical junction assembly,5,312,42,15501,6.669601197288494,0.0014780306541896055,Ctnna1;Dlg1;Frmpd2;Pak2;Rhoc,0.03912944251205391
OSD-255 discovery panel vs transcriptome,GO:0007601,visual perception,9,312,133,15501,3.6086713510060684,0.001484736545263932,Arr3;Cabp5;Cacna2d4;Guca1a;Guca1b;Pcare;Rcvrn;Rs1;Slc4a10,0.03912944251205391
OSD-255 discovery panel vs transcriptome,GO:0044087,regulation of cellular component biogenesis,36,312,1065,15501,1.7949042971225757,0.0015479986054907247,Actg1;Adgrb2;Aqp1;Clip1;Dclk1;Dlg1;Dnajb2;Eif4g1;Fhod3;Gak;Hcls1;Hsp90aa1;Hspa5;Hspa8;Iqsec1;Kctd10;Lrp4;Map1b;Mapre1;Mfn2;Ncam1;Nphp4;Nptxr;Ntm;Ogt;Pak2;Phf23;Psd;Rab11b;Rapgef1;Rhoc;Rnf4;Slitrk2;Stxbp1;Vldlr;Zdhhc5,0.03912944251205391
OSD-255 discovery panel vs transcriptome,GO:0015803,branched-chain amino acid transport,3,312,12,15501,16.375404530744337,0.0015525468111709352,Slc3a2;Slc7a5;Slc7a8,0.03912944251205391
OSD-255 discovery panel vs transcriptome,GO:0036498,IRE1-mediated unfolded protein response,3,312,12,15501,16.375404530744337,0.0015525468111709352,Hspa5;Tmbim6;Xbp1,0.03912944251205391
OSD-255 discovery panel vs transcriptome,GO:0071705,nitrogen compound transport,20,312,477,15501,2.207967387068733,0.0016507669223415915,Aqp1;Cartpt;Dio2;Lrrc8b;Nol6;Pom121;Rab11b;Scn4a;Slc16a6;Slc1a7;Slc25a19;Slc3a2;Slc6a11;Slc6a8;Slc7a1;Slc7a5;Slc7a8;Snord32a;Vgf;Xbp1,0.04068375128816835
OSD-255 discovery panel vs transcriptome,GO:0120036,plasma membrane bounded cell projection organization,40,312,1228,15501,1.7331402257872845,0.001687806539019395,Actb;Actg1;Adcy1;Ahi1;Camk2a;Cdh4;Cfap70;Ctnna1;Dclk1;Dscaml1;Ehd4;Grip1;Iqsec1;Kctd10;Lgmn;Lrp4;Map1a;Map1b;Map4;Mapre1;Mtss2;Mylk;Ncam1;Ncdn;Nin;Nptx1;Nptxr;Nr4a3;Nudcd3;Pak2;Pdzd8;Prnp;Psd;Sema6c;Slitrk2;Spata6;Stxbp1;Ubb;Unc5a;Vldlr,0.04068375128816835
OSD-255 discovery panel vs transcriptome,GO:0097242,amyloid-beta clearance,4,312,26,15501,8.95336481700118,0.001696296287738021,Abca7;Ide;Lrp4;Rab11b,0.04068375128816835
OSD-255 discovery panel vs transcriptome,GO:0009582,detection of abiotic stimulus,9,312,137,15501,3.4949721534653464,0.0018231770752329271,Cabp5;Cacna2d4;Cartpt;Gpr88;Guca1a;Guca1b;Pcare;Pcp2;Rcvrn,0.041644269914872245
OSD-255 discovery panel vs transcriptome,GO:0033555,multicellular organismal response to stress,8,312,112,15501,3.8170546558704452,0.0019146534429549111,Adrb1;Drd4;Eif4g1;Hcn1;Hdac5;Hsp90aa1;Ncam1;Pde8b,0.041644269914872245
OSD-255 discovery panel vs transcriptome,GO:0009581,detection of external stimulus,9,312,138,15501,3.4676490904904442,0.0019167529172193025,Cabp5;Cacna2d4;Cartpt;Gpr88;Guca1a;Guca1b;Pcare;Pcp2;Rcvrn,0.041644269914872245
OSD-255 discovery panel vs transcriptome,GO:0036294,cellular response to decreased oxygen levels,9,312,138,15501,3.4676490904904442,0.0019167529172193025,Aqp1;Bnip3;Fam162a;Higd1a;Hsp90aa1;Npepps;Pgk1;Stc1;Vldlr,0.041644269914872245
OSD-255 discovery panel vs transcriptome,GO:0048812,neuron projection morphogenesis,21,312,518,15501,2.1332946130390593,0.0019182738464712742,Actb;Actg1;Adcy1;Camk2a;Cdh4;Dclk1;Dscaml1;Grip1;Lrp4;Map1a;Map1b;Ncam1;Nin;Nptx1;Nr4a3;Sema6c;Slitrk2;Stxbp1;Ubb;Unc5a;Vldlr,0.041644269914872245
OSD-255 discovery panel vs transcriptome,GO:1905897,regulation of response to endoplasmic reticulum stress,7,312,88,15501,4.280752884031573,0.0019736144558573252,Abca7;Grina;Hspa5;Manf;Sik2;Tmbim6;Xbp1,0.041644269914872245
OSD-255 discovery panel vs transcriptome,GO:0030030,cell projection organization,40,312,1239,15501,1.7158906932247462,0.001984992587563086,Actb;Actg1;Adcy1;Ahi1;Camk2a;Cdh4;Cfap70;Ctnna1;Dclk1;Dscaml1;Ehd4;Grip1;Iqsec1;Kctd10;Lgmn;Lrp4;Map1a;Map1b;Map4;Mapre1;Mtss2;Mylk;Ncam1;Ncdn;Nin;Nptx1;Nptxr;Nr4a3;Nudcd3;Pak2;Pdzd8;Prnp;Psd;Sema6c;Slitrk2;Spata6;Stxbp1;Ubb;Unc5a;Vldlr,0.041644269914872245
OSD-255 discovery panel vs transcriptome,GO:0035865,cellular response to potassium ion,3,312,13,15501,14.736893203883495,0.0019883948647988763,Hnrnpa1;Mylk;Nptx1,0.041644269914872245
OSD-255 discovery panel vs transcriptome,GO:0043653,mitochondrial fragmentation involved in apoptotic process,3,312,13,15501,14.736893203883495,0.0019883948647988763,Bnip3;Nptx1;Ppp2r2b,0.041644269914872245
OSD-255 discovery panel vs transcriptome,GO:0050953,sensory perception of light stimulus,9,312,140,15501,3.4142544025394908,0.002115412001916182,Arr3;Cabp5;Cacna2d4;Guca1a;Guca1b;Pcare;Rcvrn;Rs1;Slc4a10,0.04312010698320842
OSD-255 discovery panel vs transcriptome,GO:0042542,response to hydrogen peroxide,8,312,114,15501,3.7445382323733862,0.0021410350486865447,Aqp1;Bnip3;Cst3;Eef2;Hsp90aa1;Hspa8;Nr4a3;Ppef2,0.04312010698320842
OSD-255 discovery panel vs transcriptome,GO:0033554,cellular response to stress,47,312,1529,15501,1.6403865250935756,0.002161840590038775,Acd;Aqp1;Bnip3;Calr;Cartpt;Cst3;Ctnna1;Dnajb2;Dyrk2;Eef2;Eif4g1;Fam162a;Hdac5;Hdac9;Higd1a;Hltf;Hnrnpa1;Hsp90aa1;Hsp90b1;Hspa5;Hspa8;Manf;Map1b;Mybbp1a;Mylk;Npepps;Pacrg;Pak2;Pdia3;Pgk1;Pias2;Pla2r1;Ppef2;Prdm9;Prpf19;Rad54b;Rnf4;Rpain;Sesn2;Sik2;Slc7a5;Sprtn;Stc1;Tmbim6;Usp47;Vldlr;Xbp1,0.04312010698320842
OSD-255 discovery panel vs transcriptome,GO:0120039,plasma membrane bounded cell projection morphogenesis,21,312,524,15501,2.1069869443135003,0.002202088707399715,Actb;Actg1;Adcy1;Camk2a;Cdh4;Dclk1;Dscaml1;Grip1;Lrp4;Map1a;Map1b;Ncam1;Nin;Nptx1;Nr4a3;Sema6c;Slitrk2;Stxbp1;Ubb;Unc5a;Vldlr,0.04312010698320842
OSD-255 discovery panel vs transcriptome,GO:0033120,positive regulation of RNA splicing,5,312,46,15501,6.017319456582188,0.002230888005850427,Hspa8;Khdrbs3;Prpf19;Snrnp70;Tra2a,0.04312010698320842
OSD-255 discovery panel vs transcriptome,GO:0048026,"positive regulation of mRNA splicing, via spliceosome",4,312,28,15501,8.206168831168831,0.0022509573757555257,Hspa8;Prpf19;Snrnp70;Tra2a,0.04312010698320842
OSD-255 discovery panel vs transcriptome,GO:0042752,regulation of circadian rhythm,8,312,115,15501,3.7092966060009838,0.0022618482479423384,Adcy1;Adrb1;Cartpt;Drd4;Per1;Per3;Prox1;Sik1,0.04312010698320842
OSD-255 discovery panel vs transcriptome,GO:0051641,cellular localization,53,312,1789,15501,1.5857894596373858,0.0024684658676245577,Acd;Bnip3;Calr;Camk2a;Clcn3;Clip1;Creld2;Crym;Dchs1;Dlg1;Doc2b;Ehd4;Fgf13;Frmpd1;Gak;Gckr;Grip1;Hcls1;Hk2;Hnrnpa1;Hsp90aa1;Hsp90b1;Hspa5;Hspa8;Ipo4;Kif1b;Lrp4;Map1a;Map1b;Map4;Mapre1;Mylk;Nol6;Nptx1;Nptxr;Nr4a3;Pacs1;Pals1;Pom121;Rab11b;Ranbp2;Rpain;Sdad1;Sesn2;Srp9;Stxbp1;Sv2a;Syt1;Ubb;Vps53;Xbp1;Zdhhc3;Zdhhc5,0.04646340183743946
OSD-255 discovery panel vs transcriptome,GO:0048699,generation of neurons,39,312,1217,15501,1.6991268493815184,0.0025757292653886448,Actb;Actg1;Adcy1;Ahi1;Camk2a;Cdh4;Ctnna1;Dclk1;Dscaml1;Fgf13;Grip1;Hcn1;Hsp90aa1;Iqsec1;Lrp4;Map1a;Map1b;Map4;Ncam1;Ncdn;Nin;Nphp4;Nptx1;Nptxr;Nr4a3;Pak2;Pals1;Pcare;Pdzd8;Pigt;Prox1;Psd;Sema6c;Slc4a10;Slitrk2;Stxbp1;Ubb;Unc5a;Vldlr,0.047876367720411435
OSD-255 discovery panel vs transcriptome,GO:0048858,cell projection morphogenesis,21,312,532,15501,2.072871063409123,0.0026352474517072947,Actb;Actg1;Adcy1;Camk2a;Cdh4;Dclk1;Dscaml1;Grip1;Lrp4;Map1a;Map1b;Ncam1;Nin;Nptx1;Nr4a3;Sema6c;Slitrk2;Stxbp1;Ubb;Unc5a;Vldlr,0.04789523239113816
OSD-255 discovery panel vs transcriptome,GO:0030182,neuron differentiation,37,312,1140,15501,1.7182296216929036,0.002684571378849433,Actb;Actg1;Adcy1;Ahi1;Camk2a;Cdh4;Ctnna1;Dclk1;Dscaml1;Grip1;Hcn1;Iqsec1;Lrp4;Map1a;Map1b;Map4;Ncam1;Ncdn;Nin;Nphp4;Nptx1;Nptxr;Nr4a3;Pak2;Pals1;Pcare;Pdzd8;Pigt;Prox1;Psd;Sema6c;Slc4a10;Slitrk2;Stxbp1;Ubb;Unc5a;Vldlr,0.04789523239113816
OSD-255 discovery panel vs transcriptome,GO:1903573,negative regulation of response to endoplasmic reticulum stress,5,312,48,15501,5.736686614650405,0.002697231931261924,Abca7;Grina;Hspa5;Tmbim6;Xbp1,0.04789523239113816
OSD-255 discovery panel vs transcriptome,GO:0048878,chemical homeostasis,30,312,867,15501,1.8241439792572256,0.002709409031474625,Adrb1;Akap11;Aqp1;Bnip3;Cartpt;Commd3;Csmd1;Drd4;Gckr;Grina;Hdac9;Hk2;Klhl3;Mfn2;Nptx1;Ogt;Pdzd8;Pnpla3;Prnp;Rab11b;Rab30;Sesn2;Slc4a10;Stc1;Sv2a;Tmbim6;Trpc1;Vgf;Wnk2;Xbp1,0.04789523239113816
OSD-255 discovery panel vs transcriptome,GO:0007409,axonogenesis,16,312,361,15501,2.325734430082256,0.0027377906881282743,Actb;Actg1;Adcy1;Cdh4;Dclk1;Dscaml1;Map1a;Map1b;Ncam1;Nin;Nptx1;Nr4a3;Sema6c;Slitrk2;Stxbp1;Unc5a,0.04789523239113816
OSD-255 discovery panel vs transcriptome,GO:0006836,neurotransmitter transport,8,312,119,15501,3.5746799431009957,0.0027995762711871285,Doc2b;Slc1a7;Slc6a11;Slc6a8;Stxbp1;Sv2a;Syt1;Xbp1,0.04806004632211698
OSD-255 discovery panel vs transcriptome,GO:0009966,regulation of signal transduction,80,312,2974,15501,1.4649810547386983,0.002848441463148209,Abca7;Adrb1;Arr3;Btbd10;Calr;Camk2a;Car8;Cartpt;Casp7;Ckmt1;Ctnna1;Ddx21;Dkk3;Dlg1;Drd4;Dusp4;Dyrk2;Fgfbp3;Frmpd1;Grina;Grip1;Guca1a;Guca1b;Hcls1;Higd1a;Hpcal1;Hsp90b1;Hspa5;Hspa8;Ide;Iqsec1;Irf7;Kctd10;Lgmn;Lrp4;Lynx1;Magi3;Mfn2;Ncam1;Noc2l;Nphp4;Ogt;Pak2;Pals1;Pde8b;Pdia3;Per1;Pias2;Pik3r5;Pla2r1;Ppef2;Prnp;Pros1;Prox1;Psd;Rad54b;Rapgef1;Rcvrn;Rgs20;Rnf113a2;Rrs1;Sag;Sesn2;Sik2;Slc7a1;Strip2;Sv2a;Tmbim6;Tnfsf12;Tnks;Tpbgl;Ubb;Usp47;Vtn;Wdr20;Wnk2;Wwc2;Xbp1;Zdhhc3;Zdhhc5,0.04806004632211698
OSD-255 discovery panel vs transcriptome,GO:0003333,amino acid transmembrane transport,7,312,94,15501,3.983945732052007,0.002873778930988649,Lrrc8b;Slc1a7;Slc3a2;Slc6a11;Slc7a1;Slc7a5;Slc7a8,0.04806004632211698
OSD-255 discovery panel vs transcriptome,GO:0017158,regulation of calcium ion-dependent exocytosis,5,312,49,15501,5.605937222386734,0.0029551311763584857,Cbarp;Doc2b;Rab11b;Stxbp1;Syt1,0.04806004632211698
OSD-255 discovery panel vs transcriptome,GO:1903539,protein localization to postsynaptic membrane,5,312,49,15501,5.605937222386734,0.0029551311763584857,Dlg1;Grip1;Mylk;Nptx1;Nptxr,0.04806004632211698
OSD-255 discovery panel vs transcriptome,GO:0010656,negative regulation of muscle cell apoptotic process,6,312,71,15501,4.562292609351433,0.0030296227404575876,Hsp90aa1;Hspa8;Hspb6;Mfn2;Slc7a5;Trip10,0.04806004632211698
OSD-255 discovery panel vs transcriptome,GO:0030072,peptide hormone secretion,6,312,71,15501,4.562292609351433,0.0030296227404575876,Aqp1;Cartpt;Dio2;Rab11b;Snord32a;Vgf,0.04806004632211698
OSD-255 discovery panel vs transcriptome,GO:0050766,positive regulation of phagocytosis,6,312,71,15501,4.562292609351433,0.0030296227404575876,Abca7;Abr;Calr;Hspa8;Pros1;Rapgef1,0.04806004632211698
OSD-255 discovery panel vs transcriptome,GO:0006986,response to unfolded protein,7,312,95,15501,3.938412816691505,0.0030501668414530288,Hsp90aa1;Hspa5;Manf;Pacrg;Pias2;Tmbim6;Xbp1,0.04806004632211698
OSD-255 discovery panel vs transcriptome,GO:0060080,inhibitory postsynaptic potential,3,312,15,15501,12.279126213592233,0.003070413181305389,Adrb1;Drd4;Syt1,0.04806004632211698
OSD-255 discovery panel vs transcriptome,GO:0062237,protein localization to postsynapse,5,312,50,15501,5.48099891422367,0.0032303754011728017,Dlg1;Grip1;Mylk;Nptx1;Nptxr,0.05003716897441621
OSD-255 discovery panel vs transcriptome,GO:1900101,regulation of endoplasmic reticulum unfolded protein response,4,312,31,15501,7.292929292929293,0.0032993706355785232,Abca7;Hspa5;Tmbim6;Xbp1,0.05057901170211613
OSD-255 discovery panel vs transcriptome,GO:0034329,cell junction assembly,13,312,272,15501,2.5062951149907673,0.0035515816052983412,Actb;Actg1;Ahi1;Cdh4;Ctnna1;Dlg1;Fgf13;Frmpd2;Lrp4;Map1b;Nptx1;Pak2;Rhoc,0.053889814766108504
OSD-255 discovery panel vs transcriptome,GO:0002790,peptide secretion,6,312,74,15501,4.3601499423298735,0.0037274935711598157,Aqp1;Cartpt;Dio2;Rab11b;Snord32a;Vgf,0.05574750073748077
OSD-255 discovery panel vs transcriptome,GO:0006950,response to stress,77,312,2870,15501,1.454231322988322,0.003748991307160778,Acadm;Acd;Actg1;Adcy1;Adrb1;Aqp1;Bnip3;Calr;Camk2a;Cartpt;Casp7;Cpt1a;Cst3;Ctnna1;Cxcl14;Dnajb2;Drd4;Dyrk2;Eef2;Eif4g1;Eprs1;Fam162a;Fasn;H2bc4;Hcn1;Hdac5;Hdac9;Higd1a;Hk2;Hltf;Hnrnpa1;Hsp90aa1;Hsp90b1;Hspa5;Hspa8;Hspb6;Ide;Irf7;Jchain;Manf;Map1b;Mybbp1a;Mylk;Ncam1;Npepps;Nr4a3;Ogt;Pacrg;Pak2;Pde8b;Pdia3;Pdzd8;Pgk1;Pias2;Pla2r1;Ppef2;Prdm9;Prnp;Prpf19;Prss56;Rad54b;Rhoc;Rnf4;Rpain;Sesn2;Sik2;Slc7a5;Sprtn;Stc1;Stxbp1;Tmbim6;Usp47;Vac14;Vgf;Vldlr;Xbp1;Zdhhc5,0.05574750073748077
Seven-day radiation-concordant genes vs OSD-255 panel,GO:0023052,signaling,66,194,91,312,1.918125,0.010299073451405844,Abca7;Adcy1;Adgrb2;Aqp1;Arhgap15;Arid5b;Camk2a;Cartpt;Clcn3;Col4a2;Creld2;Dchs1;Dclk1;Dio2;Dlg1;Doc2b;Dusp4;Dyrk2;Glmn;Gnaz;Guca1a;Guca1b;Hspa5;Hspa8;Irf7;Lrrc2;Magi3;Manf;Mast2;Mybbp1a;Ncam1;Nr4a3;Ogt;Pak2;Pcp2;Pde8b;Pias2;Pik3r5;Prnp;Rab11b;Rab30;Ranbp2;Rapgef1;Rcvrn;Rgs20;Rhoc;Rnf123;Sag;Sesn2;Sik1;Sik2;Slc1a7;Stc1;Stk17b;Stxbp1;Sv2a;Tnfsf12;Trip10;Trpc1;Unc5a;Vldlr;Vtn;Wnk2;Wwc2;Xbp1;Zdhhc3,0.935329572098782
Seven-day radiation-concordant genes vs OSD-255 panel,GO:0071495,cellular response to endogenous stimulus,19,194,22,312,4.161904761904762,0.010544386678433739,Aqp1;Atp5f1a;Camk2a;Col4a2;Dlg1;Eef2;Ehd4;Grip1;Hdac9;Hsp90aa1;Map1b;Nr4a3;Pak2;Pias2;Rapgef1;Sik2;Snrnp70;Stc1;Xbp1,0.935329572098782
Seven-day radiation-concordant genes vs OSD-255 panel,GO:0007154,cell communication,67,194,93,312,1.8667474258025438,0.012690199610240909,Abca7;Adcy1;Adgrb2;Aqp1;Arhgap15;Arid5b;Camk2a;Cartpt;Clcn3;Col4a2;Creld2;Dchs1;Dclk1;Dio2;Dlg1;Doc2b;Dusp4;Dyrk2;Glmn;Gnaz;Guca1a;Guca1b;Hcn1;Hspa5;Hspa8;Irf7;Lrrc2;Magi3;Manf;Mast2;Mybbp1a;Ncam1;Nr4a3;Ogt;Pak2;Pcp2;Pde8b;Pias2;Pik3r5;Prnp;Rab11b;Rab30;Ranbp2;Rapgef1;Rcvrn;Rgs20;Rhoc;Rnf123;Sag;Sesn2;Sik1;Sik2;Slc1a7;Stc1;Stk17b;Stxbp1;Sv2a;Tnfsf12;Trip10;Trpc1;Unc5a;Vldlr;Vtn;Wnk2;Wwc2;Xbp1;Zdhhc3,0.935329572098782
Seven-day radiation-concordant genes vs OSD-255 panel,GO:0042692,muscle cell differentiation,8,194,8,312,inf,0.02113308898413261,Acadm;Actg1;Calr;Casp7;Fhod3;Glmn;Prox1;Sik1,0.935329572098782
Seven-day radiation-concordant genes vs OSD-255 panel,GO:1901654,response to ketone,8,194,8,312,inf,0.02113308898413261,Adcy1;Aqp1;Atp5f1a;Calr;Cartpt;Grip1;Hspa8;Rnf4,0.935329572098782
Seven-day radiation-concordant genes vs OSD-255 panel,GO:0006468,protein phosphorylation,11,194,12,312,7.032786885245901,0.02555196420590656,Camk2a;Dclk1;Dyrk2;Hspa8;Mast2;Pak2;Sik1;Sik2;Stk17b;Tnks;Wnk2,0.935329572098782
Seven-day radiation-concordant genes vs OSD-255 panel,GO:0030155,regulation of cell adhesion,11,194,12,312,7.032786885245901,0.02555196420590656,Actg1;Calr;Dlg1;Dscaml1;Glmn;Hsp90aa1;Nr4a3;Prnp;Slc7a1;Vtn;Xbp1,0.935329572098782
Seven-day radiation-concordant genes vs OSD-255 panel,GO:0036211,protein modification process,26,194,33,312,2.454081632653061,0.02637905119073043,Camk2a;Casp7;Dclk1;Dusp4;Dyrk2;Hltf;Hspa8;Klhdc3;Klhl36;Mast2;P4ha1;Pak2;Pias2;Ranbp2;Rnf113a2;Rnf123;Rnf181;Rnf4;Sesn2;Sik1;Sik2;Stk17b;Tnks;Ubb;Wnk2;Zdhhc3,0.935329572098782
Seven-day radiation-concordant genes vs OSD-255 panel,GO:0043412,macromolecule modification,26,194,33,312,2.454081632653061,0.02637905119073043,Camk2a;Casp7;Dclk1;Dusp4;Dyrk2;Hltf;Hspa8;Klhdc3;Klhl36;Mast2;P4ha1;Pak2;Pias2;Ranbp2;Rnf113a2;Rnf123;Rnf181;Rnf4;Sesn2;Sik1;Sik2;Stk17b;Tnks;Ubb;Wnk2;Zdhhc3,0.935329572098782
Seven-day radiation-concordant genes vs OSD-255 panel,GO:0007165,signal transduction,58,194,81,312,1.7615089514066495,0.027594810329952014,Abca7;Adcy1;Adgrb2;Arhgap15;Arid5b;Camk2a;Cartpt;Col4a2;Creld2;Dchs1;Dclk1;Dusp4;Dyrk2;Glmn;Gnaz;Guca1a;Guca1b;Hspa5;Hspa8;Irf7;Lrrc2;Magi3;Manf;Mast2;Mybbp1a;Ncam1;Nr4a3;Ogt;Pak2;Pcp2;Pde8b;Pias2;Pik3r5;Prnp;Rab30;Ranbp2;Rapgef1;Rcvrn;Rgs20;Rhoc;Rnf123;Sag;Sesn2;Sik1;Sik2;Slc1a7;Stc1;Stk17b;Tnfsf12;Trip10;Trpc1;Unc5a;Vldlr;Vtn;Wnk2;Wwc2;Xbp1;Zdhhc3,0.935329572098782
Seven-day radiation-concordant genes vs OSD-255 panel,GO:0035556,intracellular signal transduction,30,194,39,312,2.2154471544715446,0.029356134126152452,Adcy1;Adgrb2;Arhgap15;Dchs1;Dclk1;Dyrk2;Hspa5;Irf7;Lrrc2;Manf;Mast2;Mybbp1a;Nr4a3;Ogt;Pak2;Pias2;Pik3r5;Prnp;Rab30;Ranbp2;Rapgef1;Rhoc;Rnf123;Sesn2;Sik1;Sik2;Stk17b;Wnk2;Wwc2;Xbp1,0.935329572098782
Seven-day radiation-concordant genes vs OSD-255 panel,GO:1902532,negative regulation of intracellular signal transduction,21,194,26,312,2.743352601156069,0.029922210140787088,Abca7;Calr;Dlg1;Dusp4;Dyrk2;Grina;Hspa5;Hspa8;Mfn2;Ogt;Pde8b;Per1;Pias2;Prnp;Rad54b;Rapgef1;Sesn2;Strip2;Wnk2;Wwc2;Xbp1,0.935329572098782
Seven-day radiation-concordant genes vs OSD-255 panel,GO:0046777,protein autophosphorylation,7,194,7,312,inf,0.034468407166633394,Camk2a;Hspa8;Pak2;Sik1;Sik2;Stk17b;Wnk2,0.935329572098782
Seven-day radiation-concordant genes vs OSD-255 panel,GO:0051146,striated muscle cell differentiation,7,194,7,312,inf,0.034468407166633394,Acadm;Actg1;Calr;Casp7;Fhod3;Prox1;Sik1,0.935329572098782
Seven-day radiation-concordant genes vs OSD-255 panel,GO:0009719,response to endogenous stimulus,25,194,32,312,2.345731191885038,0.03518730315232428,Aqp1;Atp5f1a;Camk2a;Cartpt;Col4a2;Dlg1;Eef2;Ehd4;Grip1;Hdac9;Hsp90aa1;Hsp90b1;Hspa5;Hspa8;Map1b;Nr4a3;Ogt;Pak2;Pias2;Rapgef1;Sesn2;Sik2;Snrnp70;Stc1;Xbp1,0.935329572098782
Seven-day radiation-concordant genes vs OSD-255 panel,GO:0032870,cellular response to hormone stimulus,10,194,11,312,6.358695652173913,0.03874116736309112,Aqp1;Atp5f1a;Camk2a;Hdac9;Map1b;Nr4a3;Pias2;Sik2;Stc1;Xbp1,0.935329572098782
Seven-day radiation-concordant genes vs OSD-255 panel,GO:0006796,phosphate-containing compound metabolic process,12,194,14,312,3.8241758241758244,0.05183444904276887,Camk2a;Dclk1;Dusp4;Dyrk2;Hspa8;Mast2;Pak2;Sik1;Sik2;Stk17b;Tnks;Wnk2,0.935329572098782
Seven-day radiation-concordant genes vs OSD-255 panel,GO:0061061,muscle structure development,12,194,14,312,3.8241758241758244,0.05183444904276887,Acadm;Actg1;Arid5b;Calr;Casp7;Eef2;Fhod3;Glmn;Hspa8;Jph1;Prox1;Sik1,0.935329572098782
Seven-day radiation-concordant genes vs OSD-255 panel,GO:0006109,regulation of carbohydrate metabolic process,6,194,6,312,inf,0.05610283294143522,Acadm;Dyrk2;Ogt;Ranbp2;Sesn2;Sik1,0.935329572098782
Seven-day radiation-concordant genes vs OSD-255 panel,GO:0009746,response to hexose,6,194,6,312,inf,0.05610283294143522,Cartpt;Gckr;Nptx1;Ogt;Rab11b;Sesn2,0.935329572098782
Seven-day radiation-concordant genes vs OSD-255 panel,GO:0009749,response to glucose,6,194,6,312,inf,0.05610283294143522,Cartpt;Gckr;Nptx1;Ogt;Rab11b;Sesn2,0.935329572098782
Seven-day radiation-concordant genes vs OSD-255 panel,GO:0010906,regulation of glucose metabolic process,6,194,6,312,inf,0.05610283294143522,Acadm;Dyrk2;Ogt;Ranbp2;Sesn2;Sik1,0.935329572098782
Seven-day radiation-concordant genes vs OSD-255 panel,GO:0021700,developmental maturation,6,194,6,312,inf,0.05610283294143522,Clcn3;Dchs1;Lsm14b;Map1b;Stxbp1;Xbp1,0.935329572098782
Seven-day radiation-concordant genes vs OSD-255 panel,GO:0034284,response to monosaccharide,6,194,6,312,inf,0.05610283294143522,Cartpt;Gckr;Nptx1;Ogt;Rab11b;Sesn2,0.935329572098782
Seven-day radiation-concordant genes vs OSD-255 panel,GO:0043255,regulation of carbohydrate biosynthetic process,6,194,6,312,inf,0.05610283294143522,Acadm;Dyrk2;Ogt;Ranbp2;Sesn2;Sik1,0.935329572098782
Seven-day radiation-concordant genes vs OSD-255 panel,GO:0048545,response to steroid hormone,6,194,6,312,inf,0.05610283294143522,Aqp1;Atp5f1a;Cartpt;Hspa8;Pias2;Stc1,0.935329572098782
Seven-day radiation-concordant genes vs OSD-255 panel,GO:0050678,regulation of epithelial cell proliferation,6,194,6,312,inf,0.05610283294143522,Atp5f1a;Cartpt;Dlg1;Nr4a3;Prox1;Xbp1,0.935329572098782
Seven-day radiation-concordant genes vs OSD-255 panel,GO:0071396,cellular response to lipid,14,194,17,312,2.9814814814814814,0.06138259781621174,Adcy1;Aqp1;Atp5f1a;Cartpt;Casp7;Grip1;Hsp90aa1;Ogt;Pias2;Prpf8;Rnf4;Snrnp70;Stc1;Xbp1,0.935329572098782
Seven-day radiation-concordant genes vs OSD-255 panel,GO:0072359,circulatory system development,14,194,17,312,2.9814814814814814,0.06138259781621174,Acadm;Actg1;Aqp1;Calr;Casp7;Dchs1;Ehd4;Fhod3;Glmn;Hdac9;Prox1;Rapgef1;Sik1;Xbp1,0.935329572098782
Seven-day radiation-concordant genes vs OSD-255 panel,GO:0098657,import into cell,14,194,17,312,2.9814814814814814,0.06138259781621174,Clcn3;Ehd4;Gak;Grip1;Hspa8;Lrrc8b;Sag;Sesn2;Slc1a7;Slc3a2;Slc6a11;Slc7a1;Slc7a8;Vldlr,0.935329572098782
Seven-day radiation-concordant genes vs OSD-255 panel,GO:0051726,regulation of cell cycle,16,194,20,312,2.561797752808989,0.068296869232958,Calr;Cdk2ap2;Dlg1;Dpf3;Eif4g1;Hspa8;Mfn2;Mybbp1a;Nr4a3;Ppp2r2b;Prdm9;Prox1;Prr11;Rnf4;Sik1;Tnks,0.935329572098782
Seven-day radiation-concordant genes vs OSD-255 panel,GO:0033993,response to lipid,18,194,23,312,2.3113636363636365,0.07325083136267746,Adcy1;Aqp1;Atp5f1a;Calr;Cartpt;Casp7;Eef2;Grip1;Hsp90aa1;Hspa8;Map1b;Ogt;Pias2;Prpf8;Rnf4;Snrnp70;Stc1;Xbp1,0.935329572098782
Seven-day radiation-concordant genes vs OSD-255 panel,GO:0016310,phosphorylation,11,194,13,312,3.4863387978142075,0.07408823182434568,Camk2a;Dclk1;Dyrk2;Hspa8;Mast2;Pak2;Sik1;Sik2;Stk17b;Tnks;Wnk2,0.935329572098782
Seven-day radiation-concordant genes vs OSD-255 panel,GO:0034976,response to endoplasmic reticulum stress,11,194,13,312,3.4863387978142075,0.07408823182434568,Calr;Dnajb2;Eef2;Eif4g1;Hsp90b1;Hspa5;Manf;Pias2;Sesn2;Sik2;Xbp1,0.935329572098782
Seven-day radiation-concordant genes vs OSD-255 panel,GO:0070848,response to growth factor,11,194,13,312,3.4863387978142075,0.07408823182434568,Col4a2;Dlg1;Eef2;Ehd4;Grip1;Hsp90aa1;Map1b;Pak2;Rapgef1;Snrnp70;Xbp1,0.935329572098782
Seven-day radiation-concordant genes vs OSD-255 panel,GO:0071363,cellular response to growth factor stimulus,11,194,13,312,3.4863387978142075,0.07408823182434568,Col4a2;Dlg1;Eef2;Ehd4;Grip1;Hsp90aa1;Map1b;Pak2;Rapgef1;Snrnp70;Xbp1,0.935329572098782
Seven-day radiation-concordant genes vs OSD-255 panel,GO:0048646,anatomical structure formation involved in morphogenesis,13,194,16,312,2.7532228360957642,0.08474153950477435,Actg1;Col4a2;Dchs1;Dusp4;Ehd4;Fhod3;Glmn;Mfn2;Nr4a3;Prox1;Rs1;Vtn;Xbp1,0.935329572098782
Seven-day radiation-concordant genes vs OSD-255 panel,GO:0034504,protein localization to nucleus,8,194,9,312,5.032258064516129,0.08675689161907071,Abca7;Calr;Gckr;Hspa8;Ipo4;Pom121;Ranbp2;Rrs1,0.935329572098782
Seven-day radiation-concordant genes vs OSD-255 panel,GO:0006111,regulation of gluconeogenesis,5,194,5,312,inf,0.09112999848159052,Acadm;Ogt;Ranbp2;Sesn2;Sik1,0.935329572098782
Seven-day radiation-concordant genes vs OSD-255 panel,GO:0006605,protein targeting,5,194,5,312,inf,0.09112999848159052,Hspa5;Hspa8;Srp9;Vps53;Zdhhc3,0.935329572098782
Seven-day radiation-concordant genes vs OSD-255 panel,GO:0032006,regulation of TOR signaling,5,194,5,312,inf,0.09112999848159052,Ogt;Sesn2;Slc7a1;Xbp1;Zdhhc3,0.935329572098782
Seven-day radiation-concordant genes vs OSD-255 panel,GO:0035051,cardiocyte differentiation,5,194,5,312,inf,0.09112999848159052,Acadm;Calr;Fhod3;Prox1;Sik1,0.935329572098782
Seven-day radiation-concordant genes vs OSD-255 panel,GO:0036503,ERAD pathway,5,194,5,312,inf,0.09112999848159052,Calr;Dnajb2;Hsp90b1;Hspa5;Sik2,0.935329572098782
Seven-day radiation-concordant genes vs OSD-255 panel,GO:0045732,positive regulation of protein catabolic process,5,194,5,312,inf,0.09112999848159052,Dnajb2;Hsp90aa1;Hspa5;Sik2;Tnfsf12,0.935329572098782
Seven-day radiation-concordant genes vs OSD-255 panel,GO:0046890,regulation of lipid biosynthetic process,5,194,5,312,inf,0.09112999848159052,Cartpt;Dkk3;Pde8b;Prox1;Sik1,0.935329572098782
Seven-day radiation-concordant genes vs OSD-255 panel,GO:0048705,skeletal system morphogenesis,5,194,5,312,inf,0.09112999848159052,Arid5b;Creld2;Dlg1;Dscaml1;Stc1,0.935329572098782
Seven-day radiation-concordant genes vs OSD-255 panel,GO:0048738,cardiac muscle tissue development,5,194,5,312,inf,0.09112999848159052,Acadm;Calr;Fhod3;Prox1;Sik1,0.935329572098782
Seven-day radiation-concordant genes vs OSD-255 panel,GO:0055007,cardiac muscle cell differentiation,5,194,5,312,inf,0.09112999848159052,Acadm;Calr;Fhod3;Prox1;Sik1,0.935329572098782
Seven-day radiation-concordant genes vs OSD-255 panel,GO:0070373,negative regulation of ERK1 and ERK2 cascade,5,194,5,312,inf,0.09112999848159052,Dlg1;Dusp4;Rapgef1;Wnk2;Xbp1,0.935329572098782
Seven-day radiation-concordant genes vs OSD-255 panel,GO:0110020,regulation of actomyosin structure organization,5,194,5,312,inf,0.09112999848159052,Actg1;Mfn2;Pak2;Prox1;Rhoc,0.935329572098782
Seven-day radiation-concordant genes vs OSD-255 panel,GO:1901293,nucleoside phosphate biosynthetic process,5,194,5,312,inf,0.09112999848159052,Adcy1;Atp5f1a;Cartpt;Fasn;Gars1,0.935329572098782
Seven-day radiation-concordant genes vs OSD-255 panel,GO:1901655,cellular response to ketone,5,194,5,312,inf,0.09112999848159052,Adcy1;Aqp1;Atp5f1a;Grip1;Rnf4,0.935329572098782
Seven-day radiation-concordant genes vs OSD-255 panel,GO:0009725,response to hormone,17,194,22,312,2.1706214689265537,0.09670816093964836,Aqp1;Atp5f1a;Camk2a;Cartpt;Hdac9;Hsp90aa1;Hsp90b1;Hspa5;Hspa8;Map1b;Nr4a3;Ogt;Pias2;Sesn2;Sik2;Stc1;Xbp1,0.935329572098782
Seven-day radiation-concordant genes vs OSD-255 panel,GO:1902531,regulation of intracellular signal transduction,36,194,51,312,1.5645569620253164,0.11495820762825112,Abca7;Btbd10;Calr;Camk2a;Cartpt;Casp7;Dlg1;Dusp4;Dyrk2;Grina;Hspa5;Hspa8;Magi3;Mfn2;Ncam1;Ogt;Pak2;Pde8b;Per1;Pias2;Pik3r5;Prnp;Pros1;Prox1;Psd;Rad54b;Rapgef1;Rrs1;Sesn2;Slc7a1;Strip2;Ubb;Wnk2;Wwc2;Xbp1;Zdhhc3,0.935329572098782
Seven-day radiation-concordant genes vs OSD-255 panel,GO:0019538,protein metabolic process,47,194,68,312,1.4768383543893748,0.11585166840661114,Abca7;Calr;Camk2a;Casp7;Cox14;Creld2;Dclk1;Dlg1;Dnajb2;Dusp4;Dyrk2;Eef2;Eif3f;Eif4g1;Eif4g2;Gars1;Hltf;Hsp90aa1;Hsp90b1;Hspa5;Hspa8;Klhdc3;Klhl36;Mast2;Nktr;Npepps;Ogt;P4ha1;Pak2;Pias2;Pigt;Ranbp2;Rbp3;Rnf113a2;Rnf123;Rnf150;Rnf181;Rnf4;Sesn2;Sik1;Sik2;Stk17b;Tnks;Ubb;Wnk2;Xbp1;Zdhhc3,0.935329572098782
Seven-day radiation-concordant genes vs OSD-255 panel,GO:0010648,negative regulation of cell communication,30,194,42,312,1.6158536585365855,0.12262631578302512,Abca7;Calr;Cartpt;Ckmt1;Dkk3;Dlg1;Dusp4;Dyrk2;Gnaz;Grina;Hspa5;Hspa8;Mfn2;Ogt;Pde8b;Per1;Pias2;Prnp;Rad54b;Rapgef1;Rgs20;Rnf113a2;Sag;Sesn2;Strip2;Stxbp1;Tpbgl;Wnk2;Wwc2;Xbp1,0.935329572098782
Seven-day radiation-concordant genes vs OSD-255 panel,GO:0023057,negative regulation of signaling,30,194,42,312,1.6158536585365855,0.12262631578302512,Abca7;Calr;Cartpt;Ckmt1;Dkk3;Dlg1;Dusp4;Dyrk2;Gnaz;Grina;Hspa5;Hspa8;Mfn2;Ogt;Pde8b;Per1;Pias2;Prnp;Rad54b;Rapgef1;Rgs20;Rnf113a2;Sag;Sesn2;Strip2;Stxbp1;Tpbgl;Wnk2;Wwc2;Xbp1,0.935329572098782
Seven-day radiation-concordant genes vs OSD-255 panel,GO:0044087,regulation of cellular component biogenesis,26,194,36,312,1.6714285714285715,0.12659679839232693,Actg1;Adgrb2;Aqp1;Dclk1;Dlg1;Dnajb2;Eif4g1;Fhod3;Gak;Hsp90aa1;Hspa5;Hspa8;Map1b;Mfn2;Ncam1;Nptxr;Ogt;Pak2;Psd;Rab11b;Rapgef1;Rhoc;Rnf4;Slitrk2;Stxbp1;Vldlr,0.935329572098782
Seven-day radiation-concordant genes vs OSD-255 panel,GO:0006412,translation,7,194,8,312,4.379679144385027,0.12781563444413896,Eef2;Eif3f;Eif4g1;Eif4g2;Gars1;Hspa5;Ogt,0.935329572098782
Seven-day radiation-concordant genes vs OSD-255 panel,GO:0006417,regulation of translation,7,194,8,312,4.379679144385027,0.12781563444413896,Calr;Eef2;Eif4g1;Eif4g2;Ogt;Sesn2;Srp9,0.935329572098782
Seven-day radiation-concordant genes vs OSD-255 panel,GO:0008283,cell population proliferation,7,194,8,312,4.379679144385027,0.12781563444413896,Dchs1;Dlg1;Eef2;Nr4a3;Prox1;Stc1;Xbp1,0.935329572098782
Seven-day radiation-concordant genes vs OSD-255 panel,GO:0009743,response to carbohydrate,7,194,8,312,4.379679144385027,0.12781563444413896,Cartpt;Gckr;Map1b;Nptx1;Ogt;Rab11b;Sesn2,0.935329572098782
Seven-day radiation-concordant genes vs OSD-255 panel,GO:0014706,striated muscle tissue development,7,194,8,312,4.379679144385027,0.12781563444413896,Acadm;Calr;Eef2;Fhod3;Hspa8;Prox1;Sik1,0.935329572098782
Seven-day radiation-concordant genes vs OSD-255 panel,GO:0022407,regulation of cell-cell adhesion,7,194,8,312,4.379679144385027,0.12781563444413896,Dlg1;Glmn;Hsp90aa1;Nr4a3;Prnp;Slc7a1;Xbp1,0.935329572098782
Seven-day radiation-concordant genes vs OSD-255 panel,GO:0022604,regulation of cell morphogenesis,7,194,8,312,4.379679144385027,0.12781563444413896,Arhgap15;Dlg1;Grip1;Mfn2;Pdzd8;Pias2;Strip2,0.935329572098782
Seven-day radiation-concordant genes vs OSD-255 panel,GO:0032956,regulation of actin cytoskeleton organization,7,194,8,312,4.379679144385027,0.12781563444413896,Actg1;Dlg1;Fhod3;Mfn2;Pak2;Prox1;Rhoc,0.935329572098782
Seven-day radiation-concordant genes vs OSD-255 panel,GO:0043409,negative regulation of MAPK cascade,7,194,8,312,4.379679144385027,0.12781563444413896,Abca7;Dlg1;Dusp4;Per1;Rapgef1;Wnk2;Xbp1,0.935329572098782
Seven-day radiation-concordant genes vs OSD-255 panel,GO:0043523,regulation of neuron apoptotic process,7,194,8,312,4.379679144385027,0.12781563444413896,Casp7;Grina;Nr4a3;Ppp2r2b;Prnp;Stxbp1;Ubb,0.935329572098782
Seven-day radiation-concordant genes vs OSD-255 panel,GO:0051896,regulation of phosphatidylinositol 3-kinase/protein kinase B signal transduction,7,194,8,312,4.379679144385027,0.12781563444413896,Btbd10;Dlg1;Pik3r5;Pros1;Rapgef1;Sesn2;Xbp1,0.935329572098782
Seven-day radiation-concordant genes vs OSD-255 panel,GO:0070372,regulation of ERK1 and ERK2 cascade,7,194,8,312,4.379679144385027,0.12781563444413896,Abca7;Dlg1;Dusp4;Pde8b;Rapgef1;Wnk2;Xbp1,0.935329572098782
Seven-day radiation-concordant genes vs OSD-255 panel,GO:0160307,protein biosynthetic process,7,194,8,312,4.379679144385027,0.12781563444413896,Eef2;Eif3f;Eif4g1;Eif4g2;Gars1;Hspa5;Ogt,0.935329572098782
Seven-day radiation-concordant genes vs OSD-255 panel,GO:1903037,regulation of leukocyte cell-cell adhesion,7,194,8,312,4.379679144385027,0.12781563444413896,Dlg1;Glmn;Hsp90aa1;Nr4a3;Prnp;Slc7a1;Xbp1,0.935329572098782
Seven-day radiation-concordant genes vs OSD-255 panel,GO:0000902,cell morphogenesis,18,194,24,312,1.9090909090909092,0.12832279716881845,Actg1;Adcy1;Camk2a;Cfap70;Dclk1;Dscaml1;Grip1;Map1b;Ncam1;Nptx1;Nr4a3;Prox1;Slitrk2;Stc1;Stxbp1;Ubb;Unc5a;Vldlr,0.935329572098782
Seven-day radiation-concordant genes vs OSD-255 panel,GO:0051247,positive regulation of protein metabolic process,18,194,24,312,1.9090909090909092,0.12832279716881845,Dlg1;Dnajb2;Eef2;Ehd4;Eif4g1;Eif4g2;Hsp90aa1;Hspa5;Hspa8;Magi3;Ogt;Pik3r5;Sesn2;Sik2;Tnfsf12;Ubb;Vldlr;Xbp1,0.935329572098782
Seven-day radiation-concordant genes vs OSD-255 panel,GO:0033365,protein localization to organelle,22,194,30,312,1.7587209302325582,0.12890931282578455,Abca7;Calr;Dlg1;Gak;Gckr;H2ac6;Hltf;Hsp90aa1;Hspa5;Hspa8;Ipo4;Nptx1;Nptxr;Ogt;Pacs1;Pom121;Ppp2r2b;Ranbp2;Rrs1;Tnks;Vps53;Zdhhc3,0.935329572098782
Seven-day radiation-concordant genes vs OSD-255 panel,GO:0048585,negative regulation of response to stimulus,31,194,44,312,1.536101934874941,0.14574008137819444,Abca7;Calr;Cartpt;Ckmt1;Dkk3;Dlg1;Dusp4;Dyrk2;Grina;Hspa5;Hspa8;Mfn2;Nr4a3;Ogt;Pde8b;Per1;Pias2;Prnp;Rad54b;Ranbp2;Rapgef1;Rgs20;Rnf113a2;Sag;Sesn2;Strip2;Tpbgl;Vtn;Wnk2;Wwc2;Xbp1,0.935329572098782
Seven-day radiation-concordant genes vs OSD-255 panel,GO:0006351,DNA-templated transcription,9,194,11,312,2.8216216216216217,0.14603711737153832,Arid5b;Col4a2;Eloa;Hltf;Med16;Pias2;Snapc3;Taf4b;Xbp1,0.935329572098782
Seven-day radiation-concordant genes vs OSD-255 panel,GO:0042327,positive regulation of phosphorylation,9,194,11,312,2.8216216216216217,0.14603711737153832,Dlg1;Ehd4;Glmn;Magi3;Ogt;Pik3r5;Sesn2;Vldlr;Xbp1,0.935329572098782
Seven-day radiation-concordant genes vs OSD-255 panel,GO:0043434,response to peptide hormone,9,194,11,312,2.8216216216216217,0.14603711737153832,Camk2a;Cartpt;Hdac9;Map1b;Nr4a3;Ogt;Sesn2;Sik2;Xbp1,0.935329572098782
Seven-day radiation-concordant genes vs OSD-255 panel,GO:0045937,positive regulation of phosphate metabolic process,9,194,11,312,2.8216216216216217,0.14603711737153832,Dlg1;Ehd4;Glmn;Magi3;Ogt;Pik3r5;Sesn2;Vldlr;Xbp1,0.935329572098782
Seven-day radiation-concordant genes vs OSD-255 panel,GO:0050778,positive regulation of immune response,9,194,11,312,2.8216216216216217,0.14603711737153832,Hsp90aa1;Hsp90b1;Hspa8;Irf7;Nr4a3;Ranbp2;Rapgef1;Xbp1;Zdhhc3,0.935329572098782
Seven-day radiation-concordant genes vs OSD-255 panel,GO:0072594,establishment of protein localization to organelle,9,194,11,312,2.8216216216216217,0.14603711737153832,Gckr;Hsp90aa1;Hspa5;Hspa8;Ipo4;Pom121;Ranbp2;Srp9;Vps53,0.935329572098782
Seven-day radiation-concordant genes vs OSD-255 panel,GO:0141124,intracellular signaling cassette,9,194,11,312,2.8216216216216217,0.14603711737153832,Adgrb2;Arhgap15;Hspa5;Pik3r5;Rab30;Rapgef1;Rhoc;Rnf123;Xbp1,0.935329572098782
Seven-day radiation-concordant genes vs OSD-255 panel,GO:0043170,macromolecule metabolic process,70,194,105,312,1.3387096774193548,0.14897860232025462,Abca7;Acadm;Arid5b;Calr;Camk2a;Casp7;Cfap70;Col4a2;Cox14;Creld2;Dchs1;Dclk1;Ddx27;Ddx46;Dlg1;Dnajb2;Dusp4;Dyrk2;Eef2;Eif3f;Eif4g1;Eif4g2;Eloa;Gars1;Hdac9;Hltf;Hnrnpdl;Hsp90aa1;Hsp90b1;Hspa5;Hspa8;Klhdc3;Klhl36;Lsm14b;Mast2;Med16;Nktr;Nol6;Npepps;Ogt;P4ha1;Pak2;Pias2;Pigt;Prdm9;Prpf8;Rab11b;Rad54b;Ranbp2;Rbp3;Rcl1;Rnf113a2;Rnf123;Rnf150;Rnf181;Rnf4;Rrs1;Sesn2;Sik1;Sik2;Snapc3;Snrnp70;Stk17b;Taf4b;Tnks;Ubb;Wnk2;Xbp1;Zdhhc3;Zfc3h1,0.935329572098782
Seven-day radiation-concordant genes vs OSD-255 panel,GO:0009968,negative regulation of signal transduction,27,194,38,312,1.57267283614589,0.15249326459815582,Abca7;Calr;Ckmt1;Dkk3;Dlg1;Dusp4;Dyrk2;Grina;Hspa5;Hspa8;Mfn2;Ogt;Pde8b;Per1;Pias2;Prnp;Rad54b;Rapgef1;Rgs20;Rnf113a2;Sag;Sesn2;Strip2;Tpbgl;Wnk2;Wwc2;Xbp1,0.935329572098782
Seven-day radiation-concordant genes vs OSD-255 panel,GO:0007049,cell cycle,11,194,14,312,2.3041894353369763,0.15568543535679397,Camk2a;Dlg1;Fam110a;Hspa8;Lsm14b;Map4;Prdm9;Rad54b;Rhoc;Rrs1;Ubb,0.935329572098782
Seven-day radiation-concordant genes vs OSD-255 panel,GO:0010564,regulation of cell cycle process,11,194,14,312,2.3041894353369763,0.15568543535679397,Calr;Cdk2ap2;Dlg1;Dpf3;Eif4g1;Mybbp1a;Ppp2r2b;Prdm9;Prox1;Rnf4;Tnks,0.935329572098782
Seven-day radiation-concordant genes vs OSD-255 panel,GO:0022402,cell cycle process,11,194,14,312,2.3041894353369763,0.15568543535679397,Camk2a;Dlg1;Fam110a;Hspa8;Lsm14b;Map4;Prdm9;Rad54b;Rhoc;Rrs1;Ubb,0.935329572098782
Seven-day radiation-concordant genes vs OSD-255 panel,GO:0042325,regulation of phosphorylation,11,194,14,312,2.3041894353369763,0.15568543535679397,Dlg1;Ehd4;Gckr;Glmn;Magi3;Ncam1;Ogt;Pik3r5;Sesn2;Vldlr;Xbp1,0.935329572098782
Seven-day radiation-concordant genes vs OSD-255 panel,GO:0050776,regulation of immune response,11,194,14,312,2.3041894353369763,0.15568543535679397,Hsp90aa1;Hsp90b1;Hspa8;Irf7;Nr4a3;Ogt;Prnp;Ranbp2;Rapgef1;Xbp1;Zdhhc3,0.935329572098782
Seven-day radiation-concordant genes vs OSD-255 panel,GO:0050803,regulation of synapse structure or activity,11,194,14,312,2.3041894353369763,0.15568543535679397,Adgrb2;Dclk1;Eif4g1;Hspa8;Map1b;Mfn2;Ogt;Prnp;Psd;Slitrk2;Vldlr,0.935329572098782
Seven-day radiation-concordant genes vs OSD-255 panel,GO:0050807,regulation of synapse organization,11,194,14,312,2.3041894353369763,0.15568543535679397,Adgrb2;Dclk1;Eif4g1;Hspa8;Map1b;Mfn2;Ogt;Prnp;Psd;Slitrk2;Vldlr,0.935329572098782
Seven-day radiation-concordant genes vs OSD-255 panel,GO:0009966,regulation of signal transduction,54,194,80,312,1.3648351648351649,0.15760025428030353,Abca7;Btbd10;Calr;Camk2a;Cartpt;Casp7;Ckmt1;Dkk3;Dlg1;Dusp4;Dyrk2;Grina;Grip1;Guca1a;Guca1b;Hpcal1;Hsp90b1;Hspa5;Hspa8;Irf7;Magi3;Mfn2;Ncam1;Ogt;Pak2;Pde8b;Per1;Pias2;Pik3r5;Prnp;Pros1;Prox1;Psd;Rad54b;Rapgef1;Rcvrn;Rgs20;Rnf113a2;Rrs1;Sag;Sesn2;Sik2;Slc7a1;Strip2;Sv2a;Tnfsf12;Tnks;Tpbgl;Ubb;Vtn;Wnk2;Wwc2;Xbp1;Zdhhc3,0.935329572098782
Seven-day radiation-concordant genes vs OSD-255 panel,GO:0055085,transmembrane transport,23,194,32,312,1.6289798570500325,0.15829426462105162,Abca7;Aqp1;Atp5f1a;Clcn3;Clcn7;Grina;Hcn1;Hsp90aa1;Hspa5;Hspa8;Lrrc8b;Sesn2;Slc16a6;Slc1a7;Slc20a2;Slc25a19;Slc3a2;Slc6a11;Slc7a1;Slc7a8;Slco5a1;Sv2a;Trpc1,0.935329572098782
Seven-day radiation-concordant genes vs OSD-255 panel,GO:0045892,negative regulation of DNA-templated transcription,21,194,29,312,1.6690751445086704,0.16060171405374146,Arid5b;Bend3;Btaf1;Calr;Casp7;Dkk3;Dlg1;Hdac9;Hspa8;Mybbp1a;Nr4a3;Ogt;Pcbp3;Per1;Pias2;Prnp;Prox1;Ranbp2;Sik1;Wwc2;Xbp1,0.935329572098782
Seven-day radiation-concordant genes vs OSD-255 panel,GO:0051253,negative regulation of RNA metabolic process,21,194,29,312,1.6690751445086704,0.16060171405374146,Arid5b;Bend3;Btaf1;Calr;Casp7;Dkk3;Dlg1;Hdac9;Hspa8;Mybbp1a;Nr4a3;Ogt;Pcbp3;Per1;Pias2;Prnp;Prox1;Ranbp2;Sik1;Wwc2;Xbp1,0.935329572098782
Seven-day radiation-concordant genes vs OSD-255 panel,GO:1902679,negative regulation of RNA biosynthetic process,21,194,29,312,1.6690751445086704,0.16060171405374146,Arid5b;Bend3;Btaf1;Calr;Casp7;Dkk3;Dlg1;Hdac9;Hspa8;Mybbp1a;Nr4a3;Ogt;Pcbp3;Per1;Pias2;Prnp;Prox1;Ranbp2;Sik1;Wwc2;Xbp1,0.935329572098782
Seven-day radiation-concordant genes vs OSD-255 panel,GO:0043254,regulation of protein-containing complex assembly,13,194,17,312,2.046961325966851,0.1606580999926027,Dlg1;Eif4g1;Fhod3;Gak;Hsp90aa1;Hspa5;Hspa8;Map1b;Ncam1;Ogt;Rhoc;Rnf4;Stxbp1,0.935329572098782
Seven-day radiation-concordant genes vs OSD-255 panel,GO:0006915,apoptotic process,15,194,20,312,1.893854748603352,0.16281777175613577,Camk2a;Casp7;Dyrk2;Hsp90aa1;Mybbp1a;Nptx1;Ogt;Pak2;Pigt;Ppp2r2b;Sik1;Stk17b;Tnfsf12;Xbp1;Zdhhc3,0.935329572098782
Seven-day radiation-concordant genes vs OSD-255 panel,GO:0071705,nitrogen compound transport,15,194,20,312,1.893854748603352,0.16281777175613577,Aqp1;Cartpt;Dio2;Lrrc8b;Nol6;Pom121;Rab11b;Slc16a6;Slc1a7;Slc25a19;Slc3a2;Slc6a11;Slc7a1;Slc7a8;Xbp1,0.935329572098782
Nine radiation-compatible candidates vs OSD-255 panel,GO:0042221,response to chemical,6,7,82,312,18.07894736842105,0.0015805679560263986,Eef2;Pias2;Rad54b;Snrnp70;Stxbp1;Trpc1,0.16437906742674546
Nine radiation-compatible candidates vs OSD-255 panel,GO:0090304,nucleic acid metabolic process,4,7,40,312,9.962962962962964,0.006155529003261739,Gars1;Pias2;Rad54b;Snrnp70,0.18923094072892707
Nine radiation-compatible candidates vs OSD-255 panel,GO:0071495,cellular response to endogenous stimulus,3,7,22,312,11.289473684210526,0.008902953036888862,Eef2;Pias2;Snrnp70,0.18923094072892707
Nine radiation-compatible candidates vs OSD-255 panel,GO:0033993,response to lipid,3,7,23,312,10.6875,0.010135274067757057,Eef2;Pias2;Snrnp70,0.18923094072892707
Nine radiation-compatible candidates vs OSD-255 panel,GO:0006412,translation,2,7,8,312,19.933333333333334,0.011356578300500329,Eef2;Gars1,0.18923094072892707
Nine radiation-compatible candidates vs OSD-255 panel,GO:0160307,protein biosynthetic process,2,7,8,312,19.933333333333334,0.011356578300500329,Eef2;Gars1,0.18923094072892707
Nine radiation-compatible candidates vs OSD-255 panel,GO:0006139,nucleobase-containing compound metabolic process,4,7,49,312,7.703703703703703,0.013203562200595667,Gars1;Pias2;Rad54b;Snrnp70,0.18923094072892707
Nine radiation-compatible candidates vs OSD-255 panel,GO:0009058,biosynthetic process,5,7,82,312,7.402597402597403,0.015046843310913235,Eef2;Gars1;Pias2;Snrnp70;Trpc1,0.18923094072892707
Nine radiation-compatible candidates vs OSD-255 panel,GO:0050878,regulation of body fluid levels,2,7,10,312,14.85,0.017858628343186665,Stxbp1;Trpc1,0.18923094072892707
Nine radiation-compatible candidates vs OSD-255 panel,GO:0009719,response to endogenous stimulus,3,7,32,312,7.137931034482759,0.025890758320042548,Eef2;Pias2;Snrnp70,0.18923094072892707
Nine radiation-compatible candidates vs OSD-255 panel,GO:0016070,RNA metabolic process,3,7,32,312,7.137931034482759,0.025890758320042548,Gars1;Pias2;Snrnp70,0.18923094072892707
Nine radiation-compatible candidates vs OSD-255 panel,GO:0034976,response to endoplasmic reticulum stress,2,7,13,312,10.690909090909091,0.02995806609547539,Eef2;Pias2,0.18923094072892707
Nine radiation-compatible candidates vs OSD-255 panel,GO:0070848,response to growth factor,2,7,13,312,10.690909090909091,0.02995806609547539,Eef2;Snrnp70,0.18923094072892707
Nine radiation-compatible candidates vs OSD-255 panel,GO:0071363,cellular response to growth factor stimulus,2,7,13,312,10.690909090909091,0.02995806609547539,Eef2;Snrnp70,0.18923094072892707
Nine radiation-compatible candidates vs OSD-255 panel,GO:0010467,gene expression,4,7,63,312,5.559322033898305,0.03277270289321301,Eef2;Gars1;Pias2;Snrnp70,0.18923094072892707
Nine radiation-compatible candidates vs OSD-255 panel,GO:0034654,nucleobase-containing compound biosynthetic process,3,7,35,312,6.3984375,0.03312069068649842,Gars1;Pias2;Snrnp70,0.18923094072892707
Nine radiation-compatible candidates vs OSD-255 panel,GO:0008152,metabolic process,6,7,140,312,7.656716417910448,0.033606679561713045,Eef2;Gars1;Pias2;Rad54b;Snrnp70;Trpc1,0.18923094072892707
Nine radiation-compatible candidates vs OSD-255 panel,GO:0009410,response to xenobiotic stimulus,2,7,14,312,9.766666666666667,0.03457103724855398,Eef2;Rad54b,0.18923094072892707
Nine radiation-compatible candidates vs OSD-255 panel,GO:0099536,synaptic signaling,2,7,14,312,9.766666666666667,0.03457103724855398,Stxbp1;Trpc1,0.18923094072892707
Nine radiation-compatible candidates vs OSD-255 panel,GO:0046903,secretion,2,7,15,312,8.984615384615385,0.03945549973433827,Stxbp1;Trpc1,0.20137212219389075
Nine radiation-compatible candidates vs OSD-255 panel,GO:0009059,macromolecule biosynthetic process,4,7,67,312,5.121693121693122,0.040661678519920245,Eef2;Gars1;Pias2;Snrnp70,0.20137212219389075
Nine radiation-compatible candidates vs OSD-255 panel,GO:0043170,macromolecule metabolic process,5,7,105,312,5.125,0.04525240406580854,Eef2;Gars1;Pias2;Rad54b;Snrnp70,0.20599808410051507
Nine radiation-compatible candidates vs OSD-255 panel,GO:0071396,cellular response to lipid,2,7,17,312,7.733333333333333,0.04999630731549298,Pias2;Snrnp70,0.20599808410051507
Nine radiation-compatible candidates vs OSD-255 panel,GO:0010557,positive regulation of macromolecule biosynthetic process,3,7,41,312,5.269736842105263,0.05067166841362907,Eef2;Pias2;Snrnp70,0.20599808410051507
Nine radiation-compatible candidates vs OSD-255 panel,GO:0010648,negative regulation of cell communication,3,7,42,312,5.115384615384615,0.05399940983019296,Pias2;Rad54b;Stxbp1,0.20599808410051507
Nine radiation-compatible candidates vs OSD-255 panel,GO:0023057,negative regulation of signaling,3,7,42,312,5.115384615384615,0.05399940983019296,Pias2;Rad54b;Stxbp1,0.20599808410051507
Nine radiation-compatible candidates vs OSD-255 panel,GO:0034097,response to cytokine,2,7,18,312,7.225,0.0556319224415875,Snrnp70;Stxbp1,0.20599808410051507
Nine radiation-compatible candidates vs OSD-255 panel,GO:0071345,cellular response to cytokine stimulus,2,7,18,312,7.225,0.0556319224415875,Snrnp70;Stxbp1,0.20599808410051507
Nine radiation-compatible candidates vs OSD-255 panel,GO:0009891,positive regulation of biosynthetic process,3,7,43,312,4.96875,0.05744177345110516,Eef2;Pias2;Snrnp70,0.20599808410051507
Nine radiation-compatible candidates vs OSD-255 panel,GO:1901652,response to peptide,2,7,19,312,6.776470588235294,0.06149756267486958,Snrnp70;Stxbp1,0.21299015528431814
Nine radiation-compatible candidates vs OSD-255 panel,GO:0006950,response to stress,4,7,77,312,4.237442922374429,0.06542752604298098,Eef2;Pias2;Rad54b;Stxbp1,0.21299015528431814
Nine radiation-compatible candidates vs OSD-255 panel,GO:0050896,response to stimulus,6,7,159,312,5.96078431372549,0.06684464544960811,Eef2;Pias2;Rad54b;Snrnp70;Stxbp1;Trpc1,0.21299015528431814
Nine radiation-compatible candidates vs OSD-255 panel,GO:0007267,cell-cell signaling,2,7,20,312,6.377777777777778,0.06758341465752403,Stxbp1;Trpc1,0.21299015528431814
Nine radiation-compatible candidates vs OSD-255 panel,GO:0033554,cellular response to stress,3,7,47,312,4.448863636363637,0.07234825893457468,Eef2;Pias2;Rad54b,0.2134307647883095
Nine radiation-compatible candidates vs OSD-255 panel,GO:0050804,modulation of chemical synaptic transmission,2,7,21,312,6.021052631578947,0.07387988011903021,Stxbp1;Trpc1,0.2134307647883095
Nine radiation-compatible candidates vs OSD-255 panel,GO:0099177,regulation of trans-synaptic signaling,2,7,21,312,6.021052631578947,0.07387988011903021,Stxbp1;Trpc1,0.2134307647883095
Nine radiation-compatible candidates vs OSD-255 panel,GO:0022414,reproductive process,2,7,22,312,5.7,0.08037757282724432,Rad54b;Stxbp1,0.22010562920077534
Nine radiation-compatible candidates vs OSD-255 panel,GO:1901700,response to oxygen-containing compound,3,7,49,312,4.2228260869565215,0.08047464838851572,Eef2;Snrnp70;Trpc1,0.22010562920077534
Nine radiation-compatible candidates vs OSD-255 panel,GO:0044238,primary metabolic process,5,7,121,312,4.073275862068965,0.08253961095029075,Eef2;Gars1;Pias2;Rad54b;Snrnp70,0.22010562920077534
Nine radiation-compatible candidates vs OSD-255 panel,GO:0051716,cellular response to stimulus,5,7,126,312,3.8016528925619837,0.09749567633198215,Eef2;Pias2;Rad54b;Snrnp70;Trpc1,0.2534887584631536
Nine radiation-compatible candidates vs OSD-255 panel,GO:0010628,positive regulation of gene expression,2,7,25,312,4.904347826086957,0.10098726940749941,Eef2;Snrnp70,0.25429429982771934
Nine radiation-compatible candidates vs OSD-255 panel,GO:0070887,cellular response to chemical stimulus,3,7,54,312,3.735294117647059,0.10269577493042513,Pias2;Snrnp70;Trpc1,0.25429429982771934
Nine radiation-compatible candidates vs OSD-255 panel,GO:0051254,positive regulation of RNA metabolic process,2,7,26,312,4.683333333333334,0.10820014433202207,Pias2;Snrnp70,0.25574579569387035
Nine radiation-compatible candidates vs OSD-255 panel,GO:1902532,negative regulation of intracellular signal transduction,2,7,26,312,4.683333333333334,0.10820014433202207,Pias2;Rad54b,0.25574579569387035
Nine radiation-compatible candidates vs OSD-255 panel,GO:0048522,positive regulation of cellular process,5,7,131,312,3.5515873015873014,0.11414440649644714,Eef2;Pias2;Snrnp70;Stxbp1;Trpc1,0.2638004061251223
Nine radiation-compatible candidates vs OSD-255 panel,GO:0032774,RNA biosynthetic process,2,7,28,312,4.292307692307692,0.12308983309229647,Pias2;Snrnp70,0.2712163113643817
Nine radiation-compatible candidates vs OSD-255 panel,GO:0010646,regulation of cell communication,4,7,94,312,3.185185185185185,0.1251767590912531,Pias2;Rad54b;Stxbp1;Trpc1,0.2712163113643817
Nine radiation-compatible candidates vs OSD-255 panel,GO:0023051,regulation of signaling,4,7,94,312,3.185185185185185,0.1251767590912531,Pias2;Rad54b;Stxbp1;Trpc1,0.2712163113643817
Nine radiation-compatible candidates vs OSD-255 panel,GO:0048518,positive regulation of biological process,5,7,137,312,3.2765151515151514,0.13642435732477742,Eef2;Pias2;Snrnp70;Stxbp1;Trpc1,0.27708910233727596
Nine radiation-compatible candidates vs OSD-255 panel,GO:0010604,positive regulation of macromolecule metabolic process,3,7,61,312,3.1939655172413794,0.1381335701931552,Eef2;Pias2;Snrnp70,0.27708910233727596
Nine radiation-compatible candidates vs OSD-255 panel,GO:0051050,positive regulation of transport,2,7,30,312,3.9571428571428573,0.13854455116863798,Stxbp1;Trpc1,0.27708910233727596
Nine radiation-compatible candidates vs OSD-255 panel,GO:0141187,nucleic acid biosynthetic process,2,7,30,312,3.9571428571428573,0.13854455116863798,Pias2;Snrnp70,0.27708910233727596
Nine radiation-compatible candidates vs OSD-255 panel,GO:0009893,positive regulation of metabolic process,3,7,68,312,2.769230769230769,0.17813380195165138,Eef2;Pias2;Snrnp70,0.3430725074624397
Nine radiation-compatible candidates vs OSD-255 panel,GO:0019538,protein metabolic process,3,7,68,312,2.769230769230769,0.17813380195165138,Eef2;Gars1;Pias2,0.3430725074624397
Nine radiation-compatible candidates vs OSD-255 panel,GO:0009968,negative regulation of signal transduction,2,7,38,312,2.988888888888889,0.20482442572751017,Pias2;Rad54b,0.3737147416782642
Nine radiation-compatible candidates vs OSD-255 panel,GO:0051246,regulation of protein metabolic process,2,7,38,312,2.988888888888889,0.20482442572751017,Eef2;Snrnp70,0.3737147416782642
Nine radiation-compatible candidates vs OSD-255 panel,GO:1901698,response to nitrogen compound,2,7,38,312,2.988888888888889,0.20482442572751017,Eef2;Trpc1,0.3737147416782642
Nine radiation-compatible candidates vs OSD-255 panel,GO:0048523,negative regulation of cellular process,4,7,113,312,2.397553516819572,0.21807603983481447,Pias2;Rad54b;Snrnp70;Stxbp1,0.39103289901415006
Nine radiation-compatible candidates vs OSD-255 panel,GO:1901701,cellular response to oxygen-containing compound,2,7,40,312,2.8105263157894735,0.2222370295436961,Snrnp70;Trpc1,0.39173984868719314
Nine radiation-compatible candidates vs OSD-255 panel,GO:0010468,regulation of gene expression,3,7,76,312,2.3835616438356166,0.22860363414077878,Eef2;Pias2;Snrnp70,0.3962462991773499
Nine radiation-compatible candidates vs OSD-255 panel,GO:0010556,regulation of macromolecule biosynthetic process,3,7,79,312,2.2598684210526314,0.24862954683006255,Eef2;Pias2;Snrnp70,0.41069569414233
Nine radiation-compatible candidates vs OSD-255 panel,GO:0003008,system process,2,7,43,312,2.575609756097561,0.2487868147208345,Eef2;Trpc1,0.41069569414233
Nine radiation-compatible candidates vs OSD-255 panel,GO:0022008,neurogenesis,2,7,43,312,2.575609756097561,0.2487868147208345,Eef2;Stxbp1,0.41069569414233
Nine radiation-compatible candidates vs OSD-255 panel,GO:0048585,negative regulation of response to stimulus,2,7,44,312,2.5047619047619047,0.2577291214822452,Pias2;Rad54b,0.41236659437159234
Nine radiation-compatible candidates vs OSD-255 panel,GO:0051130,positive regulation of cellular component organization,2,7,44,312,2.5047619047619047,0.2577291214822452,Pias2;Stxbp1,0.41236659437159234
Nine radiation-compatible candidates vs OSD-255 panel,GO:0048519,negative regulation of biological process,4,7,121,312,2.1424501424501425,0.2645376576892135,Pias2;Rad54b;Snrnp70;Stxbp1,0.4168472181769425
Nine radiation-compatible candidates vs OSD-255 panel,GO:0032501,multicellular organismal process,4,7,123,312,2.0840336134453783,0.2767374940633564,Eef2;Rad54b;Stxbp1;Trpc1,0.4295626773520756
Nine radiation-compatible candidates vs OSD-255 panel,GO:0009889,regulation of biosynthetic process,3,7,85,312,2.0396341463414633,0.29013999414949054,Eef2;Pias2;Snrnp70,0.43807279042020236
Nine radiation-compatible candidates vs OSD-255 panel,GO:0009987,cellular process,7,7,262,312,inf,0.2906444474903266,Eef2;Gars1;Pias2;Rad54b;Snrnp70;Stxbp1;Trpc1,0.43807279042020236
Nine radiation-compatible candidates vs OSD-255 panel,GO:0050794,regulation of cellular process,6,7,214,312,2.798076923076923,0.29748777117254843,Eef2;Pias2;Rad54b;Snrnp70;Stxbp1;Trpc1,0.44198183145635767
Nine radiation-compatible candidates vs OSD-255 panel,GO:0010605,negative regulation of macromolecule metabolic process,2,7,49,312,2.195744680851064,0.3028986227204897,Pias2;Snrnp70,0.4436824896187454
Nine radiation-compatible candidates vs OSD-255 panel,GO:1902531,regulation of intracellular signal transduction,2,7,51,312,2.089795918367347,0.321090069221069,Pias2;Rad54b,0.4637967666526552
Nine radiation-compatible candidates vs OSD-255 panel,GO:0023052,signaling,3,7,91,312,1.8494318181818181,0.33318331584153177,Pias2;Stxbp1;Trpc1,0.4745898730159201
Nine radiation-compatible candidates vs OSD-255 panel,GO:0050789,regulation of biological process,6,7,220,312,2.5514018691588785,0.3376889481074816,Eef2;Pias2;Rad54b;Snrnp70;Stxbp1;Trpc1,0.4745898730159201
Nine radiation-compatible candidates vs OSD-255 panel,GO:0007154,cell communication,3,7,93,312,1.7916666666666667,0.34778589113455816,Pias2;Stxbp1;Trpc1,0.47641608756058734
Nine radiation-compatible candidates vs OSD-255 panel,GO:0048468,cell development,2,7,54,312,1.9461538461538461,0.34839848179505606,Eef2;Stxbp1,0.47641608756058734
Nine radiation-compatible candidates vs OSD-255 panel,GO:0007399,nervous system development,2,7,55,312,1.9018867924528302,0.357490596002567,Eef2;Stxbp1,0.47641608756058734
Nine radiation-compatible candidates vs OSD-255 panel,GO:0051049,regulation of transport,2,7,55,312,1.9018867924528302,0.357490596002567,Stxbp1;Trpc1,0.47641608756058734
Nine radiation-compatible candidates vs OSD-255 panel,GO:0051252,regulation of RNA metabolic process,2,7,56,312,1.8592592592592592,0.36657091758464666,Pias2;Snrnp70,0.47641608756058734
Nine radiation-compatible candidates vs OSD-255 panel,GO:0080090,regulation of primary metabolic process,3,7,96,312,1.7096774193548387,0.3698657842386709,Eef2;Pias2;Snrnp70,0.47641608756058734
Nine radiation-compatible candidates vs OSD-255 panel,GO:0065007,biological regulation,6,7,225,312,2.356164383561644,0.37349775048264183,Eef2;Pias2;Rad54b;Snrnp70;Stxbp1;Trpc1,0.47641608756058734
Nine radiation-compatible candidates vs OSD-255 panel,GO:0009892,negative regulation of metabolic process,2,7,57,312,1.8181818181818181,0.3756357613458477,Pias2;Snrnp70,0.47641608756058734
Nine radiation-compatible candidates vs OSD-255 panel,GO:0006996,organelle organization,2,7,58,312,1.7785714285714285,0.3846815613176343,Rad54b;Stxbp1,0.48201063104860203
Nine radiation-compatible candidates vs OSD-255 panel,GO:0060255,regulation of macromolecule metabolic process,3,7,101,312,1.5841836734693877,0.40698506459062855,Eef2;Pias2;Snrnp70,0.5036913104346921
Nine radiation-compatible candidates vs OSD-255 panel,GO:0019219,regulation of nucleobase-containing compound metabolic process,2,7,61,312,1.6677966101694914,0.41167078256681566,Pias2;Snrnp70,0.5036913104346921
Nine radiation-compatible candidates vs OSD-255 panel,GO:0032879,regulation of localization,2,7,68,312,1.4484848484848485,0.47338868275186236,Stxbp1;Trpc1,0.5724700349557406
Nine radiation-compatible candidates vs OSD-255 panel,GO:0019222,regulation of metabolic process,3,7,113,312,1.3295454545454546,0.4962281626221727,Eef2;Pias2;Snrnp70,0.5931922863529421
Nine radiation-compatible candidates vs OSD-255 panel,GO:0030154,cell differentiation,2,7,73,312,1.3183098591549296,0.5159990796802019,Eef2;Stxbp1,0.602965216704955
Nine radiation-compatible candidates vs OSD-255 panel,GO:0048869,cellular developmental process,2,7,73,312,1.3183098591549296,0.5159990796802019,Eef2;Stxbp1,0.602965216704955
Nine radiation-compatible candidates vs OSD-255 panel,GO:0051128,regulation of cellular component organization,2,7,78,312,1.2052631578947368,0.5570748432951017,Pias2;Stxbp1,0.6437309300298953
Nine radiation-compatible candidates vs OSD-255 panel,GO:0009966,regulation of signal transduction,2,7,80,312,1.1641025641025642,0.5730265618167572,Pias2;Rad54b,0.654887499219151
Nine radiation-compatible candidates vs OSD-255 panel,GO:0007165,signal transduction,2,7,81,312,1.1443037974683545,0.5808939323544848,Pias2;Trpc1,0.6566627061398524
Nine radiation-compatible candidates vs OSD-255 panel,GO:0048731,system development,2,7,83,312,1.1061728395061727,0.5964052241142721,Eef2;Stxbp1,0.6669477775041323
Nine radiation-compatible candidates vs OSD-255 panel,GO:0065008,regulation of biological quality,2,7,84,312,1.0878048780487806,0.6040467728592895,Stxbp1;Trpc1,0.6683070678443204
Nine radiation-compatible candidates vs OSD-255 panel,GO:0006810,transport,2,7,87,312,1.035294117647059,0.6265022495173582,Stxbp1;Trpc1,0.6858550942084763
Nine radiation-compatible candidates vs OSD-255 panel,GO:0007275,multicellular organism development,2,7,88,312,1.0186046511627906,0.6338278575703029,Eef2;Stxbp1,0.6866468457011615
Nine radiation-compatible candidates vs OSD-255 panel,GO:0048583,regulation of response to stimulus,2,7,93,312,0.9406593406593406,0.6692236927882977,Pias2;Rad54b,0.7101965719386016
Nine radiation-compatible candidates vs OSD-255 panel,GO:0051234,establishment of localization,2,7,93,312,0.9406593406593406,0.6692236927882977,Stxbp1;Trpc1,0.7101965719386016
Nine radiation-compatible candidates vs OSD-255 panel,GO:0160108,animal gross anatomical part developmental process,2,7,96,312,0.8978723404255319,0.6894533744813204,Eef2;Stxbp1,0.724274251980377
Nine radiation-compatible candidates vs OSD-255 panel,GO:0048856,anatomical structure development,2,7,101,312,0.8323232323232324,0.721453246864207,Eef2;Stxbp1,0.7503113767387752
