gene_id,vst_mean_difference,hedges_g,welch_p,welch_fdr,SYMBOL,GENENAME,nasa_log2fc,contrast
ENSMUSG00000025496,0.7278597678762022,8.65672142459146,3.829214569237595e-11,8.987932436914484e-07,Drd4,dopamine receptor D4,0.80057397787443,OSD-255 flight versus ground
ENSMUSG00000040565,0.2290764900221003,5.164632943608835,6.299936637748612e-08,0.0007393605638061771,Btaf1,B-TFIID TATA-box binding protein associated factor 1,0.266927209617782,OSD-255 flight versus ground
ENSMUSG00000008348,-0.3297787921762758,-4.137481102771237,4.950048952795143e-07,0.002864219386014546,Ubc,ubiquitin C,-0.338683830150442,OSD-255 flight versus ground
ENSMUSG00000041775,0.19814173067153718,4.490230196376221,5.691280057338452e-07,0.002864219386014546,Mapk1ip1,mitogen-activated protein kinase 1 interacting protein 1,0.314733421185159,OSD-255 flight versus ground
ENSMUSG00000027589,-0.31896023055712597,-4.25781724800922,6.10135349781558e-07,0.002864219386014546,Pcmtd2,protein-L-isoaspartate (D-aspartate) O-methyltransferase domain containing 2,-0.332448501164149,OSD-255 flight versus ground
ENSMUSG00000071379,-0.27312004513751376,-3.983858855078769,8.066328701454292e-07,0.0030335688141860857,Hpcal1,hippocalcin-like 1,-0.396709760474364,OSD-255 flight versus ground
ENSMUSG00000056055,-0.6458560306649623,-4.99005944914902,9.046941760098244e-07,0.0030335688141860857,Sag,"S-antigen, retina and pineal gland (arrestin)",-0.644844884463052,OSD-255 flight versus ground
ENSMUSG00000024227,-0.7927295841083257,-4.809847682199058,1.3172100739893515e-06,0.0037783004535837683,Pdzph1,PDZ and pleckstrin homology domains 1,-0.843397832497907,OSD-255 flight versus ground
ENSMUSG00000018102,0.4507419482243371,3.789496768650659,1.5197446385402325e-06,0.0037783004535837683,H2bc4,H2B clustered histone 4,0.507341437202041,OSD-255 flight versus ground
ENSMUSG00000086262,-0.39926955926163465,-4.188938088917055,1.6097053738853819e-06,0.0037783004535837683,A930031H19Rik,RIKEN cDNA A930031H19 gene,-2.06384268622042,OSD-255 flight versus ground
ENSMUSG00000078773,0.3327537901575095,3.589117197566835,2.587905624192255e-06,0.005522120073730965,Rad54b,RAD54 homolog B (S. cerevisiae),0.790052166639513,OSD-255 flight versus ground
ENSMUSG00000062825,-0.22271506002303632,-3.5275981543304766,3.058760151959448e-06,0.005747967879468614,Actg1,"actin, gamma, cytoplasmic 1",-0.233730613110434,OSD-255 flight versus ground
ENSMUSG00000120121,0.4691772455799956,3.91087951760333,3.2862513096957813e-06,0.005747967879468614,,,0.989233973062386,OSD-255 flight versus ground
ENSMUSG00000032087,-0.4138229931021371,-3.499472063562344,3.4284061994103864e-06,0.005747967879468614,Dscaml1,DS cell adhesion molecule like 1,-0.454268352278729,OSD-255 flight versus ground
ENSMUSG00000026203,0.2521836706292415,3.4851434407854085,3.7015627001476146e-06,0.005792205313190987,Dnajb2,DnaJ heat shock protein family (Hsp40) member B2,0.327446627082983,OSD-255 flight versus ground
ENSMUSG00000029777,-0.21250850111765374,-3.4811218670181963,4.550992972876113e-06,0.006630237198228209,Gars1,glycyl-tRNA synthetase 1,-0.267295445433788,OSD-255 flight versus ground
ENSMUSG00000040543,0.4336516799851502,3.408316995478446,4.802063410441358e-06,0.006630237198228209,Pitpnm3,PITPNM family member 3,0.474743930820508,OSD-255 flight versus ground
ENSMUSG00000034312,-0.3262656004895881,-3.3715629536975684,5.6285905527611635e-06,0.007339682080800557,Iqsec1,IQ motif and Sec7 domain 1,-0.346087849332065,OSD-255 flight versus ground
ENSMUSG00000025498,0.7213424805806241,4.05944107960579,6.996896999122436e-06,0.00864374559807378,Irf7,interferon regulatory factor 7,1.41793271186542,OSD-255 flight versus ground
ENSMUSG00000033460,-0.10202178135837414,-3.2251756212878475,8.446864797349354e-06,0.00983478971907168,Armcx1,"armadillo repeat containing, X-linked 1",-0.144460560920189,OSD-255 flight versus ground
ENSMUSG00000018076,-0.45175848364241133,-3.4721794817719864,8.799019431684785e-06,0.00983478971907168,Med13l,mediator complex subunit 13-like,-0.488799915810918,OSD-255 flight versus ground
ENSMUSG00000006204,-0.5820134914792376,-3.1501403137250463,1.0734908274493635e-05,0.011349475483343389,Cdcp3,CUB domain containing protein 3,-0.698606875270713,OSD-255 flight versus ground
ENSMUSG00000037428,-0.6203071510725344,-3.6086666053451237,1.1121248130406356e-05,0.011349475483343389,Vgf,VGF nerve growth factor inducible,-0.844713500136603,OSD-255 flight versus ground
ENSMUSG00000056999,0.3480345214294118,3.1352147625032485,1.1887367886281983e-05,0.011625845792783779,Ide,insulin degrading enzyme,0.399958722483655,OSD-255 flight versus ground
ENSMUSG00000004698,-0.24757574053170117,-3.1197341595713763,1.2861930875365859e-05,0.012075809660263497,Hdac9,histone deacetylase 9,-0.28495267014672,OSD-255 flight versus ground
ENSMUSG00000029276,-0.5261827201371823,-4.1474428695836005,1.4710263185103764e-05,0.013279972980029059,Glmn,"glomulin, FKBP associated protein",-0.682668863926816,OSD-255 flight versus ground
ENSMUSG00000085511,-0.19327356159323195,-3.052012565562541,2.101014295699887e-05,0.017746792238968922,,,-3.1728929186491,OSD-255 flight versus ground
ENSMUSG00000050926,0.16394199288129396,2.9628844811272637,2.1431930242660583e-05,0.017746792238968922,Dcaf12l2,DDB1 and CUL4 associated factor 12-like 2,3.19191907614823,OSD-255 flight versus ground
ENSMUSG00000020848,-0.25697142810506435,-2.949130498880129,2.1926421903974898e-05,0.017746792238968922,Doc2b,"double C2, beta",-0.315598291164969,OSD-255 flight versus ground
ENSMUSG00000022594,-0.1911036338675487,-2.9374447213789487,2.4802094390700467e-05,0.01796180898154336,Lynx1,Ly6/neurotoxin 1,-0.217639898269868,OSD-255 flight versus ground
ENSMUSG00000022237,-0.3765703163174514,-3.206769928312955,2.4934607798288023e-05,0.01796180898154336,Ankrd33b,ankyrin repeat domain 33B,-0.396732305132026,OSD-255 flight versus ground
ENSMUSG00000021508,-0.297372508367987,-3.332580881930076,2.5203093122674372e-05,0.01796180898154336,Cxcl14,C-X-C motif chemokine ligand 14,-0.399135032261976,OSD-255 flight versus ground
ENSMUSG00000002459,-0.353725608883666,-3.3127373320495224,2.5523448153244457e-05,0.01796180898154336,Rgs20,regulator of G-protein signaling 20,-0.483662229852093,OSD-255 flight versus ground
ENSMUSG00000002428,0.20599419131119134,2.8984022529700977,2.6018298626979987e-05,0.01796180898154336,Hltf,helicase-like transcription factor,0.259133418622468,OSD-255 flight versus ground
ENSMUSG00000024900,-0.4351722916989367,-2.913763865124788,2.726204139091148e-05,0.018282703872213552,Cpt1a,"carnitine palmitoyltransferase 1a, liver",-0.480865710925297,OSD-255 flight versus ground
ENSMUSG00000025582,-0.20431469639468602,-2.8729833015507382,2.8558776509466427e-05,0.01848357566512657,Nptx1,neuronal pentraxin 1,-0.249415327703247,OSD-255 flight versus ground
ENSMUSG00000004655,0.36541097474182926,2.9182916814761652,2.9136515832041713e-05,0.01848357566512657,Aqp1,aquaporin 1,0.482756274462016,OSD-255 flight versus ground
ENSMUSG00000022421,-0.1727443123664063,-2.9057270644282025,3.30378710131055e-05,0.020406971274200325,Nptxr,neuronal pentraxin receptor,-0.220544851645249,OSD-255 flight versus ground
ENSMUSG00000031029,0.13973129509267324,2.8231000004350064,3.4794134349591584e-05,0.020872027262236165,Eif3f,"eukaryotic translation initiation factor 3, subunit F",0.161721032921407,OSD-255 flight versus ground
ENSMUSG00000020431,-0.4150689388204878,-2.9042807640272628,3.55692352798844e-05,0.020872027262236165,Adcy1,adenylate cyclase 1,-0.43311404371772,OSD-255 flight versus ground
ENSMUSG00000070883,0.16167547926939108,2.8226212791495633,3.752224834493116e-05,0.021481029589078635,Cfap210,cilia and flagella associated protein 210,0.292195751987905,OSD-255 flight versus ground
ENSMUSG00000032380,-0.14278075392703915,-2.747660215556219,4.782658312452185e-05,0.026627348631021678,Dapk2,death-associated protein kinase 2,-2.7538092121624,OSD-255 flight versus ground
ENSMUSG00000017721,-0.17247314553804927,-2.764086237876443,4.878050405308163e-05,0.026627348631021678,Pigt,"phosphatidylinositol glycan anchor biosynthesis, class T",-0.194431866893047,OSD-255 flight versus ground
ENSMUSG00000022564,-0.197114881688238,-2.7149855791885456,5.155551866573433e-05,0.02750252577550264,Grina,"glutamate receptor, ionotropic, N-methyl D-aspartate-associated protein 1 (glutamate binding)",-0.21247314755321,OSD-255 flight versus ground
ENSMUSG00000003752,-0.13747378567152602,-2.7959077091778197,5.328014909880609e-05,0.027790925769937254,Itpkc,"inositol 1,4,5-trisphosphate 3-kinase C",-0.319532487567197,OSD-255 flight versus ground
ENSMUSG00000020048,0.2364939554085126,2.71859095309735,5.977715341651158e-05,0.030501942282442605,Hsp90b1,"heat shock protein 90, beta (Grp94), member 1",0.247859067513915,OSD-255 flight versus ground
ENSMUSG00000049649,-0.18087787708631087,-2.661022234070454,6.595058714586427e-05,0.03247787882147093,Gpr3,G-protein coupled receptor 3,-1.09734368695867,OSD-255 flight versus ground
ENSMUSG00000041261,-0.29245622990988096,-3.183422449108241,6.641693010525752e-05,0.03247787882147093,Car8,carbonic anhydrase 8,-0.370364010048455,OSD-255 flight versus ground
ENSMUSG00000025355,-0.1777994786285495,-2.605407018367673,7.66523052388946e-05,0.03651983658381612,Mmp19,matrix metallopeptidase 19,-2.82364750085879,OSD-255 flight versus ground
ENSMUSG00000044375,-0.34047169127057586,-2.6029790307372096,7.782924674536121e-05,0.03651983658381612,Pcare,photoreceptor cilium actin regulator,-0.361118059147582,OSD-255 flight versus ground
ENSMUSG00000107640,-0.582001578625003,-2.7745591638773224,2.0752738512971387e-06,0.036805234945760136,,,-2.87930062149341,OSD-758 uG versus ground
ENSMUSG00000120808,-0.5029931957976128,-2.567080076713537,3.175046922758797e-06,0.036805234945760136,,,-0.660783482823511,OSD-758 uG versus ground
ENSMUSG00000024454,0.26879739555640825,2.7920294035208673,4.465291820756862e-06,0.036805234945760136,Hdac3,histone deacetylase 3,0.271287553908415,OSD-758 uG versus ground
ENSMUSG00000090861,-0.3928671894522626,-2.5960643636570437,5.710285561463815e-06,0.036805234945760136,,,-3.40815117810416,OSD-758 uG versus ground
ENSMUSG00000065687,-0.5000122910022355,-2.576882255872468,6.128690003290395e-06,0.036805234945760136,Gm23734,"predicted gene, 23734",-4.08521884014529,OSD-758 uG versus ground
ENSMUSG00000035711,-0.7644797316700798,-2.6634160809935374,1.1619696760999195e-05,0.046814105297654035,Dok3,docking protein 3,-1.01701275309399,OSD-758 uG versus ground
ENSMUSG00000027248,-0.5829890230438917,-2.7629837172581047,1.2039792369501807e-05,0.046814105297654035,Pdia3,protein disulfide isomerase associated 3,-0.597053820821411,OSD-758 uG versus ground
ENSMUSG00000031394,0.7429881643674126,2.606580668488045,1.2837694919073839e-05,0.046814105297654035,Opn1mw,"opsin 1 (cone pigments), medium-wave-sensitive (color blindness, deutan)",0.725615960087595,OSD-758 uG versus ground
ENSMUSG00000029432,0.5625812103866163,2.737042760171404,1.4031603146464393e-05,0.046814105297654035,Nipsnap2,nipsnap homolog 2,0.558477820481705,OSD-758 uG versus ground
ENSMUSG00000113671,-0.6821399609038625,-2.2005683429610574,1.7792395797634225e-05,0.053425226861556284,Gm2233,predicted gene 2233,-0.809741725307675,OSD-758 uG versus ground
ENSMUSG00000053358,-0.24114900316408505,-2.1745969083022643,1.993787345858028e-05,0.05442495694007183,,,-0.360460562680106,OSD-758 uG versus ground
ENSMUSG00000003814,-0.8491512486803234,-3.268318814737546,2.443428885722201e-05,0.05691599891961083,Calr,calreticulin,-0.861429830088212,OSD-758 uG versus ground
ENSMUSG00000096140,0.8469562479082153,3.2001977401325803,2.4641422251804736e-05,0.05691599891961083,Ankrd66,ankyrin repeat domain 66,2.16729147034787,OSD-758 uG versus ground
ENSMUSG00000111082,0.44163407478729866,2.482395845900296,2.894255279108639e-05,0.06128714489763629,,,1.26569949382211,OSD-758 uG versus ground
ENSMUSG00000113529,-0.38477287270962535,-2.5001260569025754,3.0616018032588816e-05,0.06128714489763629,,,-0.475966447802231,OSD-758 uG versus ground
ENSMUSG00000018669,0.5703559658597257,2.4204150065259644,3.32742918785856e-05,0.06244544763989311,Cdk5rap3,CDK5 regulatory subunit associated protein 3,0.587945128856406,OSD-758 uG versus ground
ENSMUSG00000001774,-0.7292133073792524,-2.9318716110308505,4.625183956138185e-05,0.08169435214762429,Chordc1,cysteine and histidine rich domain containing 1,-0.752408838392294,OSD-758 uG versus ground
ENSMUSG00000052271,0.41623717340392297,2.310100872642644,5.01527374538803e-05,0.08366312486264799,Bhlha15,"basic helix-loop-helix family, member a15",0.790113956193502,OSD-758 uG versus ground
ENSMUSG00000079499,-0.6540954070545268,-2.11457973519101,5.643662117809419e-05,0.08556375077368102,6530402F18Rik,RIKEN cDNA 6530402F18 gene,-0.686018999795657,OSD-758 uG versus ground
ENSMUSG00000094153,-0.3263542563726185,-2.016812175907634,5.810278578433265e-05,0.08556375077368102,,,-2.95779262105469,OSD-758 uG versus ground
ENSMUSG00000100455,-0.5664837477601257,-2.2433004865954382,5.984076884961206e-05,0.08556375077368102,,,-0.606594443712287,OSD-758 uG versus ground
ENSMUSG00000089837,1.094583758511436,3.0425344820772118,6.424424841859153e-05,0.0867715953515037,Npcd,neuronal pentraxin chromo domain,2.91178582297673,OSD-758 uG versus ground
ENSMUSG00000032501,0.25669242075038134,1.9235291926754519,6.64650712054013e-05,0.0867715953515037,Trib1,tribbles pseudokinase 1,0.254229017833389,OSD-758 uG versus ground
ENSMUSG00000052137,-0.3356201503407501,-2.022630159160938,7.380652120680564e-05,0.08946476094078083,Rbm12b2,RNA binding motif protein 12 B2,-0.351758447535405,OSD-758 uG versus ground
ENSMUSG00000033918,0.36303261968303424,2.362992876965257,7.599814924007548e-05,0.08946476094078083,Parl,"presenilin associated, rhomboid-like",0.368403078523796,OSD-758 uG versus ground
ENSMUSG00000079043,-0.27800061139056176,-2.180892972671366,7.886937235669147e-05,0.08946476094078083,Fastkd5,FAST kinase domains 5,-0.295445635234517,OSD-758 uG versus ground
ENSMUSG00000086526,-0.3671551634314394,-1.9430032541916704,8.044588355150639e-05,0.08946476094078083,,,-3.29854637286802,OSD-758 uG versus ground
ENSMUSG00000104195,0.3302203729424251,1.9391791277062391,8.357385737605861e-05,0.08962400769396114,,,0.667630811254116,OSD-758 uG versus ground
ENSMUSG00000029098,0.396520378437355,2.597771931525227,9.90487987141309e-05,0.09981578617775672,Acox3,"acyl-Coenzyme A oxidase 3, pristanoyl",0.402126270685198,OSD-758 uG versus ground
ENSMUSG00000085885,-0.3226150410413968,-1.895147568241305,9.972603274828327e-05,0.09981578617775672,,,-2.97786444050012,OSD-758 uG versus ground
ENSMUSG00000108101,0.32189698644704023,1.8297753065115718,0.00010710262720169572,0.10374098667694573,,,1.92544196883308,OSD-758 uG versus ground
ENSMUSG00000106590,0.2958356905271975,1.9158976026042698,0.0001267744592788452,0.1189580215239339,,,1.24965113255864,OSD-758 uG versus ground
ENSMUSG00000119991,-0.5998758144701597,-2.812106068709373,0.000134712371573408,0.12257601155256734,,,-0.822629237066482,OSD-758 uG versus ground
ENSMUSG00000106273,0.3005238104097794,1.8374557341426119,0.0001399512548506634,0.12359753910002558,,,2.37739952983045,OSD-758 uG versus ground
ENSMUSG00000085873,0.881909696942154,1.877527696924383,0.00015712754512764107,0.13480196564421937,Ttc39aos1,Ttc39a opposite strand RNA 1,0.913110334970952,OSD-758 uG versus ground
ENSMUSG00000003526,0.8942913239255041,3.2615578928513838,0.0001667448845160978,0.13682576162942536,Prodh,proline dehydrogenase,0.940903076658332,OSD-758 uG versus ground
ENSMUSG00000085428,0.3884050006285724,2.080166369883129,0.00016860003264690908,0.13682576162942536,,,0.976318274470656,OSD-758 uG versus ground
ENSMUSG00000107709,-0.32577756241146005,-1.7604585511619604,0.00018563927117788215,0.14668922093837547,9430018G01Rik,RIKEN cDNA 9430018G01 gene,-3.08134883968093,OSD-758 uG versus ground
ENSMUSG00000087088,-0.3194856097153398,-2.060148050918762,0.00020512539627664983,0.15041538963982062,Gm16638,"predicted gene, 16638",-0.380245900074144,OSD-758 uG versus ground
ENSMUSG00000070392,-1.227761292566262,-3.707937773064246,0.00020969710476334444,0.15041538963982062,,,-1.23473091458357,OSD-758 uG versus ground
ENSMUSG00000081952,-0.23636159652059519,-1.7298667731520512,0.00021452295002022663,0.15041538963982062,,,-2.08916778616444,OSD-758 uG versus ground
ENSMUSG00000059659,-0.5570826501095665,-2.330962391898907,0.00021841935164153067,0.15041538963982062,Gm10069,predicted gene 10069,-0.699064671475158,OSD-758 uG versus ground
ENSMUSG00000068227,0.7337345142342917,2.422886071467835,0.000222289022861843,0.15041538963982062,Il2rb,"interleukin 2 receptor, beta chain",2.76229722756245,OSD-758 uG versus ground
ENSMUSG00000081223,0.42560223184355817,2.024593562721771,0.0002234770283406287,0.15041538963982062,,,1.80104152974039,OSD-758 uG versus ground
ENSMUSG00000001844,0.21976631940334812,1.7335490170182086,0.0002254202062740843,0.15041538963982062,Zdhhc4,"zinc finger, DHHC domain containing 4",0.224748116744308,OSD-758 uG versus ground
ENSMUSG00000039263,0.4247806137313219,1.7127119679838836,0.00023654595477314334,0.15440794312985162,Npepl1,aminopeptidase-like 1,0.429413534112278,OSD-758 uG versus ground
ENSMUSG00000059706,-0.2536624557779996,-1.6942074568900944,0.0002543268430214722,0.1596763023483776,,,-2.33317945384662,OSD-758 uG versus ground
ENSMUSG00000026955,0.40083946521783265,1.911061142271243,0.00025525235663643135,0.1596763023483776,Sapcd2,suppressor APC domain containing 2,2.05581269152283,OSD-758 uG versus ground
ENSMUSG00000102593,-0.28873260706877346,-1.6882490172938955,0.0002617087353091493,0.16037404479852707,,,-2.77866962352825,OSD-758 uG versus ground
ENSMUSG00000112702,-0.2907955790301573,-1.6648066131591843,0.00029303124852461454,0.16680316904484788,,,-2.75082083421101,OSD-758 uG versus ground
ENSMUSG00000024454,0.2467628592782436,5.392076498145198,5.4872561564609774e-05,0.9987369779212751,Hdac3,histone deacetylase 3,0.252138644068843,OSD-758 uG versus in-flight 1G
ENSMUSG00000087088,-0.3958157799705244,-3.728908969873425,8.68779785930959e-05,0.9987369779212751,Gm16638,"predicted gene, 16638",-0.461702492245704,OSD-758 uG versus in-flight 1G
ENSMUSG00000066361,-0.3797818474440131,-4.995602010350725,0.00017294997690693223,0.9987369779212751,Serpina3c,"serine (or cysteine) peptidase inhibitor, clade A, member 3C",-3.1862390073244,OSD-758 uG versus in-flight 1G
ENSMUSG00000085873,0.9267702833644655,3.256950877308285,0.00019605594968982517,0.9987369779212751,Ttc39aos1,Ttc39a opposite strand RNA 1,1.03244983593726,OSD-758 uG versus in-flight 1G
ENSMUSG00000079103,0.5421221292105196,3.1719692061889724,0.0003489926636539117,0.9987369779212751,Tgm7,transglutaminase 7,0.856378731848668,OSD-758 uG versus in-flight 1G
ENSMUSG00000052271,0.4041243224395199,2.905064998405566,0.00044637014282865355,0.9987369779212751,Bhlha15,"basic helix-loop-helix family, member a15",0.768060254471754,OSD-758 uG versus in-flight 1G
ENSMUSG00000108452,0.3124774005675226,2.8219275535091715,0.0005485500880331668,0.9987369779212751,,,1.18902658384248,OSD-758 uG versus in-flight 1G
ENSMUSG00000096140,0.6558934344724028,2.8189583235830735,0.0006083017446925139,0.9987369779212751,Ankrd66,ankyrin repeat domain 66,1.57228310757925,OSD-758 uG versus in-flight 1G
ENSMUSG00000109760,0.3330603244347108,2.7665621313879623,0.0006240669279281507,0.9987369779212751,Gm6503,DEAD (Asp-Glu-Ala-Asp) box polypeptide 10 pseudogene,2.2562614856743,OSD-758 uG versus in-flight 1G
ENSMUSG00002075802,0.360578943022702,2.854961682281791,0.0007159158688374963,0.9987369779212751,,,3.04245612598005,OSD-758 uG versus in-flight 1G
ENSMUSG00000089837,0.8514766958366584,2.826114753228139,0.0007965574730487159,0.9987369779212751,Npcd,neuronal pentraxin chromo domain,2.16013299843766,OSD-758 uG versus in-flight 1G
ENSMUSG00000025432,-0.3316967408354863,-2.6065087762264434,0.001055635358047308,0.9987369779212751,Avil,advillin,-0.760643043298782,OSD-758 uG versus in-flight 1G
ENSMUSG00000119991,-0.4755181314673802,-2.976681206005653,0.0011157494678940944,0.9987369779212751,,,-0.649159260747122,OSD-758 uG versus in-flight 1G
ENSMUSG00000101532,0.33137699559391987,2.6840194005483093,0.0011419289263436912,0.9987369779212751,Zbed4-ps1,"zinc finger, BED type containing 4, pseudogene 1",2.76588571423943,OSD-758 uG versus in-flight 1G
ENSMUSG00000100455,-0.42369952265962674,-2.5597613855400834,0.001172191230420992,0.9987369779212751,,,-0.442933046704836,OSD-758 uG versus in-flight 1G
ENSMUSG00000105103,0.6044808392393088,2.515384831174748,0.0011812223639803702,0.9987369779212751,,,3.03405022249536,OSD-758 uG versus in-flight 1G
ENSMUSG00000120241,-0.7222550807194299,-2.6129819098344393,0.001251458852479127,0.9987369779212751,,,-0.805694765059543,OSD-758 uG versus in-flight 1G
ENSMUSG00000039345,0.5464957465042168,2.789008568429517,0.001300523942227798,0.9987369779212751,Mettl22,"methyltransferase 22, Kin17 lysine",0.577911149059318,OSD-758 uG versus in-flight 1G
ENSMUSG00000120315,-0.35302457654596786,-2.5024507806303817,0.0013246082288103157,0.9987369779212751,,,-0.739073563859983,OSD-758 uG versus in-flight 1G
ENSMUSG00000027331,-0.5807147529878849,-2.4666251451312795,0.0013449869615550826,0.9987369779212751,Knstrn,kinetochore-localized astrin/SPAG5 binding,-0.800605845633195,OSD-758 uG versus in-flight 1G
ENSMUSG00000031167,1.480753494148825,2.6745700310580047,0.0013529854721883164,0.9987369779212751,Rbm3|Rbm3-ps,"RNA binding motif (RNP1, RRM) protein 3",1.51155911027986,OSD-758 uG versus in-flight 1G
ENSMUSG00000040010,0.7390372427452707,2.4632012776951355,0.0013553895770151965,0.9987369779212751,Slc7a5,"solute carrier family 7 (cationic amino acid transporter, y+ system), member 5",0.729960463599361,OSD-758 uG versus in-flight 1G
ENSMUSG00000085565,-0.45582114567815335,-2.4776413120956846,0.0013783140683956909,0.9987369779212751,,,-0.659298259145812,OSD-758 uG versus in-flight 1G
ENSMUSG00000005493,0.3024213815663588,2.518722839918431,0.0013923448014277501,0.9987369779212751,Msh4,mutS homolog 4,0.784052142011816,OSD-758 uG versus in-flight 1G
ENSMUSG00000033918,0.3233146949989685,2.451503322570695,0.0013997208349938392,0.9987369779212751,Parl,"presenilin associated, rhomboid-like",0.329764892673262,OSD-758 uG versus in-flight 1G
ENSMUSG00000024831,0.33431499010122856,2.516025911607315,0.001501557996940317,0.9987369779212751,Ighmbp2,immunoglobulin mu DNA binding protein 2,0.353366897470654,OSD-758 uG versus in-flight 1G
ENSMUSG00000110357,-0.4240242608126277,-2.537246412607622,0.0015079037083229586,0.9987369779212751,,,-0.480801100241711,OSD-758 uG versus in-flight 1G
ENSMUSG00000024875,0.4492175271651426,2.4289572084375233,0.0015248200598635094,0.9987369779212751,Yif1a,Yip1 interacting factor homolog A (S. cerevisiae),0.452684381110675,OSD-758 uG versus in-flight 1G
ENSMUSG00000032122,0.8054510702493642,2.718726306066597,0.0015470743201323209,0.9987369779212751,Slc37a2,"solute carrier family 37 (glycerol-3-phosphate transporter), member 2",0.957102715191992,OSD-758 uG versus in-flight 1G
ENSMUSG00000031256,0.13202416609493284,2.513597710100505,0.0016165336847674876,0.9987369779212751,Cstf2,"cleavage stimulation factor, 3' pre-RNA subunit 2",0.134023149033815,OSD-758 uG versus in-flight 1G
ENSMUSG00000064751,-0.3144671859656407,-2.4474397168709037,0.0016896580872887688,0.9987369779212751,Gm26330,"predicted gene, 26330",-1.16668117750276,OSD-758 uG versus in-flight 1G
ENSMUSG00000032076,0.26732876491265145,2.5115580972566143,0.0017397276343965157,0.9987369779212751,Cadm1,cell adhesion molecule 1,0.268068235257409,OSD-758 uG versus in-flight 1G
ENSMUSG00000035711,-0.6754188237196468,-2.4097207957307734,0.001864035437559426,0.9987369779212751,Dok3,docking protein 3,-0.906537710086002,OSD-758 uG versus in-flight 1G
ENSMUSG00000026558,0.30147637922823556,2.5024301746433566,0.002019954542579946,0.9987369779212751,Uck2,uridine-cytidine kinase 2,0.309067883244203,OSD-758 uG versus in-flight 1G
ENSMUSG00000110477,-0.36974260217700916,-2.4533604049567854,0.002020136385801573,0.9987369779212751,,,-2.99783098095066,OSD-758 uG versus in-flight 1G
ENSMUSG00000030781,0.5336254399289198,2.2830161979788572,0.0021943085589489495,0.9987369779212751,Slc5a2,"solute carrier family 5 (sodium/glucose cotransporter), member 2",1.23177613383064,OSD-758 uG versus in-flight 1G
ENSMUSG00000090210,-0.5737166042186645,-2.3709397269776296,0.002207833588887802,0.9987369779212751,Itga10,"integrin, alpha 10",-0.955505307137213,OSD-758 uG versus in-flight 1G
ENSMUSG00000001844,0.2541354503831226,2.432590207113062,0.002210754244858924,0.9987369779212751,Zdhhc4,"zinc finger, DHHC domain containing 4",0.262014065756312,OSD-758 uG versus in-flight 1G
ENSMUSG00000029432,0.44464010132683107,2.287854944106123,0.0023127288265104486,0.9987369779212751,Nipsnap2,nipsnap homolog 2,0.441211120293494,OSD-758 uG versus in-flight 1G
ENSMUSG00000085428,0.39687813119685966,2.280113060499243,0.0023823055164181226,0.9987369779212751,,,0.9964392654656,OSD-758 uG versus in-flight 1G
ENSMUSG00000014470,0.41249333252326714,2.2784015244871854,0.002431751031021293,0.9987369779212751,Rnf166,ring finger protein 166,0.428139805528242,OSD-758 uG versus in-flight 1G
ENSMUSG00000032661,-0.31460125945363426,-2.223758956515636,0.002596782161589941,0.9987369779212751,Oas3,2'-5' oligoadenylate synthetase 3,-1.15376974335637,OSD-758 uG versus in-flight 1G
ENSMUSG00000109819,0.5002179192002378,2.3837291806931984,0.0026485241314501327,0.9987369779212751,B930018H19Rik,RIKEN cDNA B930018H19 gene,0.958399453535279,OSD-758 uG versus in-flight 1G
ENSMUSG00000027248,-0.3617072359453992,-2.1997195945636574,0.0027774269821566385,0.9987369779212751,Pdia3,protein disulfide isomerase associated 3,-0.367468273370258,OSD-758 uG versus in-flight 1G
ENSMUSG00000070167,-0.426227527289865,-2.147015029819632,0.0032294586571876534,0.9987369779212751,Snora57,"small nucleolar RNA, H/ACA box 57",-1.14513078623537,OSD-758 uG versus in-flight 1G
ENSMUSG00000085787,-0.7474903655726726,-2.5791929696509985,0.0032896403083757905,0.9987369779212751,,,-2.80307400485712,OSD-758 uG versus in-flight 1G
ENSMUSG00000095134,-0.824281310338475,-2.124933337473902,0.003404474298795347,0.9987369779212751,Mid1-ps1,"midline 1, pseudogene 1",-1.9963622206152,OSD-758 uG versus in-flight 1G
ENSMUSG00000021499,0.21809275803891648,2.1992157870803535,0.003413551832920861,0.9987369779212751,Catsper3,"cation channel, sperm associated 3",0.778595958365503,OSD-758 uG versus in-flight 1G
ENSMUSG00000014763,-0.12415422742285998,-2.5729613180891393,0.0035337629216444255,0.9987369779212751,Fam120b,"family with sequence similarity 120, member B",-0.125044570369793,OSD-758 uG versus in-flight 1G
ENSMUSG00000116256,0.43330282039672685,2.1133450667383125,0.003552236840928013,0.9987369779212751,,,2.55352577715897,OSD-758 uG versus in-flight 1G
ENSMUSG00000042938,-0.25065845268638665,-2.0735591842021597,4.590561554061629e-05,0.7585145095933353,Gm14117,ATP synthase mitochondrial F1 complex assembly factor 1 pseudogene,-0.600945744009128,OSD-758 in-flight 1G versus ground
ENSMUSG00000109663,0.27497936219676333,2.132813190453871,7.953827519956618e-05,0.7585145095933353,Gm5331,predicted gene 5331,2.24251537292001,OSD-758 in-flight 1G versus ground
ENSMUSG00000079502,0.38642864614195016,2.020787232674445,9.285428032528438e-05,0.7585145095933353,Cfap77,cilia and flagella associated protein 77,2.01924496467587,OSD-758 in-flight 1G versus ground
ENSMUSG00000121663,0.34665233701170806,2.8950411088159096,0.00010104432805053257,0.7585145095933353,Gm3086,RuvB-like protein 1 pseudogene,2.95811900929749,OSD-758 in-flight 1G versus ground
ENSMUSG00000081952,-0.23636159652059519,-1.7926755873512559,0.00021452295002022663,0.9999529310775598,,,-2.26374159105723,OSD-758 in-flight 1G versus ground
ENSMUSG00000080002,0.2718707074480431,1.8048190870356644,0.00026984974506292836,0.9999529310775598,,,2.11014993379143,OSD-758 in-flight 1G versus ground
ENSMUSG00000105355,-0.26048138210548455,-1.7067138782925377,0.00031959765579196963,0.9999529310775598,,,-2.60196811073807,OSD-758 in-flight 1G versus ground
ENSMUSG00000027249,0.26392946692556407,1.6507665675563228,0.0003366691772312928,0.9999529310775598,F2,coagulation factor II,0.761188488279682,OSD-758 in-flight 1G versus ground
ENSMUSG00000051777,0.34981978746196063,1.9589318110140337,0.00036452144737789306,0.9999529310775598,Iqcj,IQ motif containing J,1.03796325651336,OSD-758 in-flight 1G versus ground
ENSMUSG00000030045,-0.4288479070793958,-1.792428416687541,0.00037336863510566,0.9999529310775598,Mrpl19,mitochondrial ribosomal protein L19,-0.463571026699863,OSD-758 in-flight 1G versus ground
ENSMUSG00000112060,-0.35628422843184104,-1.5738459786138388,0.0006947333520437416,0.9999529310775598,,,-3.2680844101547,OSD-758 in-flight 1G versus ground
ENSMUSG00000101429,0.5305018910361277,2.2495678164926374,0.0007029971908600595,0.9999529310775598,BC055402,cDNA sequence BC055402,0.572766306136444,OSD-758 in-flight 1G versus ground
ENSMUSG00000037868,0.5374141088163924,1.6578822984714658,0.0009455927044096739,0.9999529310775598,Egr2,early growth response 2,1.50374443932394,OSD-758 in-flight 1G versus ground
ENSMUSG00000023828,0.30053106578116306,1.462550039358227,0.0009824610964208461,0.9999529310775598,Slc22a3,"solute carrier family 22 (organic cation transporter), member 3",1.59579850588163,OSD-758 in-flight 1G versus ground
ENSMUSG00000086150,0.22816369729216923,1.4551743755254802,0.0009999072007477604,0.9999529310775598,Bach2os,"BTB and CNC homology 2, opposite strand",1.07882381415862,OSD-758 in-flight 1G versus ground
ENSMUSG00000103956,-0.23914740067611362,-1.4440488524665445,0.0011456039909909018,0.9999529310775598,,,-2.50371569863268,OSD-758 in-flight 1G versus ground
ENSMUSG00000113857,-0.2523424438731947,-1.4403044898543262,0.001167364406697085,0.9999529310775598,,,-2.65395202370491,OSD-758 in-flight 1G versus ground
ENSMUSG00000090017,-0.26250195845770374,-1.548023097075493,0.0011716019079889488,0.9999529310775598,,,-2.49791270410251,OSD-758 in-flight 1G versus ground
ENSMUSG00000078648,0.26510856643016734,1.4663764959832433,0.0012093128602890613,0.9999529310775598,Gm17546,"predicted gene, 17546",1.49155482248904,OSD-758 in-flight 1G versus ground
ENSMUSG00000054626,0.41634686523007947,1.88363642382682,0.001237757728161457,0.9999529310775598,Xlr,X-linked lymphocyte-regulated,1.86724197145769,OSD-758 in-flight 1G versus ground
ENSMUSG00000020048,-0.2462649843728073,-1.524239130580044,0.0012844550900040223,0.9999529310775598,Hsp90b1,"heat shock protein 90, beta (Grp94), member 1",-0.253923768911839,OSD-758 in-flight 1G versus ground
ENSMUSG00000037997,-0.20972548168117555,-1.4905338897260745,0.0014341882405174843,0.9999529310775598,Parp11,"poly (ADP-ribose) polymerase family, member 11",-0.221302467427798,OSD-758 in-flight 1G versus ground
ENSMUSG00000044548,0.4312234137796267,1.3978769765756347,0.0014435011351949891,0.9999529310775598,Dact1,dishevelled-binding antagonist of beta-catenin 1,0.464676650047626,OSD-758 in-flight 1G versus ground
ENSMUSG00000031896,-0.2704611389110738,-1.4131314289185886,0.001610850451018277,0.9999529310775598,Ctrl,chymotrypsin-like,-1.26942349844191,OSD-758 in-flight 1G versus ground
ENSMUSG00000114610,-0.24149232493682327,-1.417099838922099,0.0017071377190014958,0.9999529310775598,Cyp2c52-ps,"cytochrome P450, family 2, subfamily c, polypeptide 52, pseudogene",-0.907545470265077,OSD-758 in-flight 1G versus ground
ENSMUSG00000118505,0.34417965875627043,1.3866316875554072,0.0017913619825565624,0.9999529310775598,Etv3l,ets variant 3-like,1.43232895490863,OSD-758 in-flight 1G versus ground
ENSMUSG00000109357,0.338714466387227,1.7363038009053684,0.0018215362240985291,0.9999529310775598,,,2.04706178372366,OSD-758 in-flight 1G versus ground
ENSMUSG00000095040,0.2664770542706476,1.7434655267994783,0.0018740799738543555,0.9999529310775598,1700001J03Rik,RIKEN cDNA 1700001J03 gene,1.17282164367843,OSD-758 in-flight 1G versus ground
ENSMUSG00000082319,-0.20626398533659085,-1.4796811936421894,0.0018960661420689565,0.9999529310775598,Actr3-ps,"actin related protein 3, pseudogene",-0.368144258349227,OSD-758 in-flight 1G versus ground
ENSMUSG00000097906,-0.2009279728019857,-1.3618027760968483,0.001979752360920293,0.9999529310775598,Gm9625,"ribosomal protein, large, P0 pseudogene",-0.356322604257151,OSD-758 in-flight 1G versus ground
ENSMUSG00000086855,0.420540524142595,2.0440844473650466,0.0019829594713445674,0.9999529310775598,,,2.7715669414865,OSD-758 in-flight 1G versus ground
ENSMUSG00000115767,-0.3238168945093909,-1.694925690454949,0.002045758355744444,0.9999529310775598,,,-0.680283355751859,OSD-758 in-flight 1G versus ground
ENSMUSG00000120463,0.265719250036053,1.3708673396893396,0.0021007609389919802,0.9999529310775598,,,1.2245143003474,OSD-758 in-flight 1G versus ground
ENSMUSG00000111172,0.2324095882506123,1.306859700310148,0.0022311012793864845,0.9999529310775598,Gm39302,"predicted gene, 39302",0.979644658220398,OSD-758 in-flight 1G versus ground
ENSMUSG00000028709,-0.25843106971342245,-1.4961409368022445,0.002300409734668314,0.9999529310775598,Mob3c,MOB kinase activator 3C,-0.307243613823419,OSD-758 in-flight 1G versus ground
ENSMUSG00000031779,0.35429629451748657,1.7187337306162236,0.002309790154673499,0.9999529310775598,Ccl22,C-C motif chemokine ligand 22,1.77211425031211,OSD-758 in-flight 1G versus ground
ENSMUSG00000063535,-0.3323365286846611,-2.070956787203904,0.002361909776631101,0.9999529310775598,Zfp773,zinc finger protein 773,-0.458363704886893,OSD-758 in-flight 1G versus ground
ENSMUSG00000053985,-0.19889076981132447,-1.4927945713699187,0.0024458745622001872,0.9999529310775598,Zfp14,zinc finger protein 14,-0.215223987694306,OSD-758 in-flight 1G versus ground
ENSMUSG00000074228,-0.2602034038255914,-1.8498847734276216,0.0027411905664115094,0.9999529310775598,,,-0.49479563279422,OSD-758 in-flight 1G versus ground
ENSMUSG00000120509,0.18365679097085952,1.4663900910189482,0.002945812400062007,0.9999529310775598,,,0.792142604153001,OSD-758 in-flight 1G versus ground
ENSMUSG00000036833,0.42485229637558675,1.488949111817778,0.002952891270526669,0.9999529310775598,Pnpla7,patatin-like phospholipase domain containing 7,0.452754949463879,OSD-758 in-flight 1G versus ground
ENSMUSG00000111709,-0.5543084429841505,-2.438369722212228,0.002959901153267837,0.9999529310775598,Gsta13,glutathione S-transferase alpha 13,-2.67053068004574,OSD-758 in-flight 1G versus ground
ENSMUSG00000066364,-0.32004317683828365,-1.531248080948312,0.00305334821474976,0.9999529310775598,Serpina3b,"serine (or cysteine) peptidase inhibitor, clade A, member 3B",-2.62963784225582,OSD-758 in-flight 1G versus ground
ENSMUSG00000106225,-0.1854716548485955,-1.2511641562472129,0.003082260341183855,0.9999529310775598,,,-1.93802343489709,OSD-758 in-flight 1G versus ground
ENSMUSG00000062391,0.41427738869106445,1.95890667677114,0.003201912184913726,0.9999529310775598,4932435O22Rik,RIKEN cDNA 4932435O22 gene,1.76265741387898,OSD-758 in-flight 1G versus ground
ENSMUSG00000103013,-0.22657671298926818,-1.2408770188068428,0.003252839753642584,0.9999529310775598,,,-2.51928178944475,OSD-758 in-flight 1G versus ground
ENSMUSG00000082128,-0.22748149482829305,-1.2373073194669266,0.0033142878745458923,0.9999529310775598,Gm11824,ribosomal protein SA pseudogene,-2.53576059273298,OSD-758 in-flight 1G versus ground
ENSMUSG00000117503,-0.2041810580205521,-1.2349981679088555,0.003354674914500075,0.9999529310775598,Gm7527,"family with sequence similarity 76, member A pseudogene",-2.19498489723118,OSD-758 in-flight 1G versus ground
ENSMUSG00000120919,0.32838233204868317,1.7022798431939525,0.003448629433642061,0.9999529310775598,,,2.19471096258508,OSD-758 in-flight 1G versus ground
ENSMUSG00000086189,-0.20987763552061978,-1.2235603043201777,0.0035623495781335296,0.9999529310775598,Gm15462,predicted gene 15462,-2.2637886463876,OSD-758 in-flight 1G versus ground
ENSMUSG00000086587,0.19395818302286738,4.599700356505942,2.057865509018917e-05,0.4395932035130486,Gm11837,predicted gene 11837,1.68416946281572,OSD-203 7d radiation versus control
ENSMUSG00000022797,-0.252553334810937,-4.07913005441882,4.00704710566874e-05,0.4395932035130486,Tfrc,transferrin receptor,-0.283492165454576,OSD-203 7d radiation versus control
ENSMUSG00000031068,-0.29633937522927134,-3.965943109882309,4.4513086957620804e-05,0.4395932035130486,Glrx3,glutaredoxin 3,-0.457131411538833,OSD-203 7d radiation versus control
ENSMUSG00000108158,-0.17962453313980298,-5.704870984263801,9.121904564016932e-05,0.4395932035130486,,,-2.98207078783905,OSD-203 7d radiation versus control
ENSMUSG00000081648,0.21595852347253164,4.763020431277607,0.00011863558529768401,0.4395932035130486,,,0.875269819288012,OSD-203 7d radiation versus control
ENSMUSG00000026502,-0.17955649736089718,-3.5223283640875707,0.0001211826317261268,0.4395932035130486,Desi2,desumoylating isopeptidase 2,-0.235310996531665,OSD-203 7d radiation versus control
ENSMUSG00000075705,-0.2208963596363489,-4.22098165771223,0.0001301585190958211,0.4395932035130486,Msrb1,methionine sulfoxide reductase B1,-0.473036850729043,OSD-203 7d radiation versus control
ENSMUSG00000046434,-0.2621679822401841,-4.154212616228043,0.00014696757687217667,0.4395932035130486,Hnrnpa1,heterogeneous nuclear ribonucleoprotein A1,-0.274123870839136,OSD-203 7d radiation versus control
ENSMUSG00000116534,0.1559398134740304,3.3623329249339178,0.00015632952784117778,0.4395932035130486,,,0.632348428601365,OSD-203 7d radiation versus control
ENSMUSG00000086935,0.15487313169736705,3.7012440483641416,0.0001591408197649018,0.4395932035130486,,,1.27446863862881,OSD-203 7d radiation versus control
ENSMUSG00000019087,-0.23853505012347753,-3.344236367211618,0.00016216255537219675,0.4395932035130486,Atp6ap1,"ATPase, H+ transporting, lysosomal accessory protein 1",-0.264144228835228,OSD-203 7d radiation versus control
ENSMUSG00000072423,0.15673662326043303,3.4795121690819317,0.00018125533219301218,0.4417553413950346,Psmb11,"proteasome (prosome, macropain) subunit, beta type, 11",2.29252791737353,OSD-203 7d radiation versus control
ENSMUSG00000027708,-0.22676066502130965,-3.316545723135653,0.00019620680678927022,0.4417553413950346,Dcun1d1,defective in cullin neddylation 1 domain containing 1,-0.283285979180051,OSD-203 7d radiation versus control
ENSMUSG00000029178,0.43973335950712666,3.204195246585737,0.00023636077600357584,0.4417553413950346,Klf3,Kruppel-like transcription factor 3 (basic),0.609988153173554,OSD-203 7d radiation versus control
ENSMUSG00000049608,-0.18122530154617422,-4.617113881880871,0.0002520149652115252,0.4417553413950346,Gpr55,G protein-coupled receptor 55,-3.00986834293634,OSD-203 7d radiation versus control
ENSMUSG00000108614,0.16668960815993472,3.272221396046359,0.0002713898149294687,0.4417553413950346,,,2.80670288359574,OSD-203 7d radiation versus control
ENSMUSG00000032199,-0.08689057083434726,-3.133440297937491,0.0002854990988033257,0.4417553413950346,Polr2m,polymerase (RNA) II (DNA directed) polypeptide M,-0.096675777207938,OSD-203 7d radiation versus control
ENSMUSG00000106025,0.1780025425896241,3.4726113122566127,0.0002882281951459294,0.4417553413950346,,,0.478105081205126,OSD-203 7d radiation versus control
ENSMUSG00000021782,0.21505765474467964,3.0966173949353366,0.00029507075234185524,0.4417553413950346,Dlg5,discs large MAGUK scaffold protein 5,0.254508481682048,OSD-203 7d radiation versus control
ENSMUSG00000003235,-0.13173963421297685,-3.6556803291602327,0.0002962911844092925,0.4417553413950346,Eif2b5,"eukaryotic translation initiation factor 2B, subunit 5 epsilon",-0.183297366664482,OSD-203 7d radiation versus control
ENSMUSG00000058833,-0.12691687633901338,-2.973707822605229,0.00037817601622532597,0.45947739387297704,Rex1bd,required for excision 1-B domain containing,-0.194671199555639,OSD-203 7d radiation versus control
ENSMUSG00000027502,-0.20185194893991287,-3.0523842992882715,0.000393865830006369,0.45947739387297704,Rtf2,replication termination factor 2,-0.27022918586165,OSD-203 7d radiation versus control
ENSMUSG00000023951,0.3031704171144387,2.9659000054552567,0.0003978003675096703,0.45947739387297704,Vegfa,vascular endothelial growth factor A,0.332180322428836,OSD-203 7d radiation versus control
ENSMUSG00000081745,0.12325162208160556,2.981996490245243,0.00040038818710301706,0.45947739387297704,Gm15549,ribosomal protein 10 pseudogene,1.28057481288411,OSD-203 7d radiation versus control
ENSMUSG00000041231,-0.2274562221113854,-3.0394956135093842,0.0004360102757743968,0.45947739387297704,Ublcp1,ubiquitin-like domain containing CTD phosphatase 1,-0.326360875044751,OSD-203 7d radiation versus control
ENSMUSG00000020116,-0.2828508564268848,-3.199104918260133,0.00046761976568362854,0.45947739387297704,Pno1,partner of NOB1 homolog,-0.461458890697483,OSD-203 7d radiation versus control
ENSMUSG00000078671,0.30947131985579013,3.0048854910377654,0.00047338233885862665,0.45947739387297704,Chd2,chromodomain helicase DNA binding protein 2,0.328127874205689,OSD-203 7d radiation versus control
ENSMUSG00000067653,0.25653623314905794,2.9589637870585626,0.0005000846807261644,0.45947739387297704,Ankrd23,ankyrin repeat domain 23,0.695517914466756,OSD-203 7d radiation versus control
ENSMUSG00000055239,-0.21764374035376477,-2.8575396162192686,0.000501654348235242,0.45947739387297704,Kcmf1,potassium channel modulatory factor 1,-0.268427348781477,OSD-203 7d radiation versus control
ENSMUSG00000029864,0.18384563867961123,2.991163248651324,0.0005027622397683708,0.45947739387297704,Gstk1,glutathione S-transferase kappa 1,0.473225531046731,OSD-203 7d radiation versus control
ENSMUSG00000019494,-0.29091819492107795,-3.9946363690772584,0.0005201038228975971,0.45947739387297704,Cops6,COP9 signalosome subunit 6,-0.392797160591315,OSD-203 7d radiation versus control
ENSMUSG00000028982,-0.27158602917373287,-3.4744458291930433,0.0005553607310538587,0.45947739387297704,Slc25a33,"solute carrier family 25, member 33",-0.34190946636965,OSD-203 7d radiation versus control
ENSMUSG00000005034,-0.144194522672624,-2.934085676484693,0.0005656339060739133,0.45947739387297704,Prkacb,"protein kinase, cAMP dependent, catalytic, beta",-0.155923569152844,OSD-203 7d radiation versus control
ENSMUSG00000006456,0.11769618084441014,2.9352501408435874,0.0005664920579709844,0.45947739387297704,Rbm14,RNA binding motif protein 14,0.145079185704293,OSD-203 7d radiation versus control
ENSMUSG00000026058,0.13670322055961304,2.8058369106965317,0.0006293222899706264,0.45947739387297704,Khdrbs2,"KH domain containing, RNA binding, signal transduction associated 2",0.285926883830507,OSD-203 7d radiation versus control
ENSMUSG00000044633,0.2348081725835307,2.8455370006999003,0.0006647992187889185,0.45947739387297704,,,3.17324792185041,OSD-203 7d radiation versus control
ENSMUSG00000023892,-0.16642466320695615,-2.7732929807136437,0.0006727181506056464,0.45947739387297704,Zfp51,zinc finger protein 51,-0.356327881038254,OSD-203 7d radiation versus control
ENSMUSG00000054135,0.20145568682537895,2.7340336461806802,0.0006824933463866566,0.45947739387297704,,,1.0882377834301,OSD-203 7d radiation versus control
ENSMUSG00000041763,-0.2794029360897454,-3.1084953640725876,0.0007031957612240884,0.45947739387297704,Tpp2,tripeptidyl peptidase II,-0.343691397633669,OSD-203 7d radiation versus control
ENSMUSG00000042625,0.29239583975202876,3.3537064426779377,0.0007081202539841124,0.45947739387297704,Safb2,scaffold attachment factor B2,0.331860631419847,OSD-203 7d radiation versus control
ENSMUSG00000010529,0.16433916635040013,2.744483882716445,0.00075079437927588,0.45947739387297704,Gm266,predicted gene 266,2.82178135818452,OSD-203 7d radiation versus control
ENSMUSG00000026771,-0.3172843099330809,-2.7591766460488394,0.00076445490575857,0.45947739387297704,Spopl,speckle-type BTB/POZ protein-like,-0.423386941080179,OSD-203 7d radiation versus control
ENSMUSG00000027367,0.2086316259453902,2.7181904582560947,0.000768697188524825,0.45947739387297704,Stard7,StAR related lipid transfer domain containing 7,0.232079076952133,OSD-203 7d radiation versus control
ENSMUSG00000021413,0.22121428976047675,2.9181466255617496,0.0007992593188845801,0.45947739387297704,Prpf4b,pre-mRNA processing factor 4B,0.241151705811276,OSD-203 7d radiation versus control
ENSMUSG00000085008,0.21722014489988872,2.8252255697426287,0.0008267067416902363,0.45947739387297704,Dbhos,"dopamine beta hydroxylase, opposite strand",0.6511952860381,OSD-203 7d radiation versus control
ENSMUSG00000028295,-0.11491008111026346,-3.175963026865611,0.0008573873610672725,0.45947739387297704,Smim8,small integral membrane protein 8,-0.24580614199755,OSD-203 7d radiation versus control
ENSMUSG00000019132,-0.22841650792267032,-2.6926192704553618,0.0008625023873800119,0.45947739387297704,BC005537,cDNA sequence BC005537,-0.242937556023962,OSD-203 7d radiation versus control
ENSMUSG00000030421,-0.34705893886469674,-3.336817830065555,0.0008675305600762914,0.45947739387297704,Uri1,"URI1, prefoldin-like chaperone",-0.414979121423441,OSD-203 7d radiation versus control
ENSMUSG00000021245,-0.152478413342493,-3.178519273941292,0.0008877695688999346,0.45947739387297704,Mlh3,mutL homolog 3,-0.197917155732506,OSD-203 7d radiation versus control
ENSMUSG00000055944,0.1124244886671919,2.66064276822118,0.0009033179904077221,0.45947739387297704,E130018O15Rik,RIKEN cDNA E130018O15 gene,0.921475239780601,OSD-203 7d radiation versus control
ENSMUSG00000097835,0.17476050243504204,6.65570894407733,7.079003309604122e-06,0.07700440547200306,,,0.33970036691334,OSD-203 7d hlu versus control
ENSMUSG00000109155,0.1625527753235314,44.06266092609728,1.03293480062432e-05,0.07700440547200306,Gm18757,"predicted gene, 18757",2.80481206651238,OSD-203 7d hlu versus control
ENSMUSG00000107005,0.16255283400357978,44.062540600303045,1.0329432571642172e-05,0.07700440547200306,,,2.80554614400994,OSD-203 7d hlu versus control
ENSMUSG00000104022,0.16255293338313148,44.06233675472395,1.032957583715122e-05,0.07700440547200306,,,2.80363271304318,OSD-203 7d hlu versus control
ENSMUSG00000110556,0.21170984604879006,5.547925347726881,3.7183733467783904e-05,0.18102647933201077,,,0.840568319917363,OSD-203 7d hlu versus control
ENSMUSG00000032199,-0.18649073280901796,-5.656731359196776,4.117762211813033e-05,0.18102647933201077,Polr2m,polymerase (RNA) II (DNA directed) polypeptide M,-0.207741452177078,OSD-203 7d hlu versus control
ENSMUSG00000038065,-0.2648784645062694,-4.3417322711616215,4.401555905049473e-05,0.18102647933201077,Mturn,"maturin, neural progenitor differentiation regulator homolog (Xenopus)",-0.328712647365544,OSD-203 7d hlu versus control
ENSMUSG00000037916,-0.2005499678453333,-4.578753902804667,4.9053675131819935e-05,0.18102647933201077,Ndufv1,NADH:ubiquinone oxidoreductase core subunit V1,-0.235238883853854,OSD-203 7d hlu versus control
ENSMUSG00000016382,-0.2238909640097564,-4.042619786047858,6.179586357483084e-05,0.18102647933201077,Pls3,plastin 3 (T-isoform),-0.323636266378837,OSD-203 7d hlu versus control
ENSMUSG00000112819,-0.2055123239785246,-5.669226892201636,6.661877135122031e-05,0.18102647933201077,,,-3.20461344252294,OSD-203 7d hlu versus control
ENSMUSG00000050017,-0.17323682182529154,-4.029707411838468,6.93788692754302e-05,0.18102647933201077,Pitpnb,"phosphatidylinositol transfer protein, beta",-0.199776579971542,OSD-203 7d hlu versus control
ENSMUSG00000048307,-0.21459772071283112,-3.968661962240078,7.285012079493374e-05,0.18102647933201077,Ankrd46,ankyrin repeat domain 46,-0.268253652037057,OSD-203 7d hlu versus control
ENSMUSG00000104964,-0.1637909679824867,-5.396438811300019,8.462983354978084e-05,0.1813373814629515,,,-2.51431493877845,OSD-203 7d hlu versus control
ENSMUSG00000111229,0.10672172718732398,3.906544809384633,9.060270524756882e-05,0.1813373814629515,,,0.702612048381105,OSD-203 7d hlu versus control
ENSMUSG00000108158,-0.1796245331398021,-5.313540187623578,9.121904564017145e-05,0.1813373814629515,,,-2.80087826792151,OSD-203 7d hlu versus control
ENSMUSG00000038534,0.29086595072836907,3.642264261267156,0.00012012155257891863,0.19567518041971507,Osbpl7,oxysterol binding protein-like 7,0.510627510293726,OSD-203 7d hlu versus control
ENSMUSG00000041037,-0.1157898018693313,-3.6537402046559384,0.00012100876507635012,0.19567518041971507,Irgq,"immunity-related GTPase family, Q",-0.146653148472015,OSD-203 7d hlu versus control
ENSMUSG00000033065,-0.1829049375549996,-3.991912485976234,0.00012645320744213,0.19567518041971507,Pfkm,"phosphofructokinase, muscle",-0.211472119689735,OSD-203 7d hlu versus control
ENSMUSG00000032621,0.21710676309654353,4.089688605335194,0.00012732633192935976,0.19567518041971507,Srek1,splicing regulatory glutamine/lysine-rich protein 1,0.249933579278148,OSD-203 7d hlu versus control
ENSMUSG00000054405,-0.20197432524513204,-3.5435472345522148,0.00014218875237405755,0.19567518041971507,Dnajc8,DnaJ heat shock protein family (Hsp40) member C8,-0.231914603091988,OSD-203 7d hlu versus control
ENSMUSG00000003657,-0.31270683305080205,-5.42031146749385,0.00014390145546976966,0.19567518041971507,Calb2,calbindin 2,-0.351179030395987,OSD-203 7d hlu versus control
ENSMUSG00000052102,0.12004170533717229,3.5664034295606517,0.00014664792265586495,0.19567518041971507,Gnpda1,glucosamine-6-phosphate deaminase 1,0.219259694273198,OSD-203 7d hlu versus control
ENSMUSG00000085587,-0.18059388952455535,-4.747797974998791,0.00015698390463931975,0.19567518041971507,,,-2.81520036224676,OSD-203 7d hlu versus control
ENSMUSG00000110205,0.18876323400760597,3.5069299966395553,0.00015749033602981862,0.19567518041971507,,,3.11803719988647,OSD-203 7d hlu versus control
ENSMUSG00000022280,-0.16977435507608085,-3.4374028404281955,0.0001747450517876967,0.20623816401010503,Rnf19a,ring finger protein 19A,-0.215429049358526,OSD-203 7d hlu versus control
ENSMUSG00000019923,-0.20756510332480183,-3.4236946757127154,0.00017982468440466587,0.20623816401010503,Zwint,ZW10 interactor,-0.227538622980823,OSD-203 7d hlu versus control
ENSMUSG00000019087,-0.2462324091128405,-3.43037133763733,0.00019340085368345816,0.21359333540692735,Atp6ap1,"ATPase, H+ transporting, lysosomal accessory protein 1",-0.27249831476716,OSD-203 7d hlu versus control
ENSMUSG00000034320,0.20606723209098377,3.360239689834449,0.00020424987510050797,0.21751882234364456,Slc26a2,"solute carrier family 26 (sulfate transporter), member 2",0.227916513495865,OSD-203 7d hlu versus control
ENSMUSG00000020102,0.39782973347892003,3.365854810357051,0.00023963329974895247,0.2464008746625522,Slc16a7,"solute carrier family 16 (monocarboxylic acid transporters), member 7",0.612317230401,OSD-203 7d hlu versus control
ENSMUSG00000108665,0.23034652355430563,3.214055187252452,0.00027449761352829497,0.25912840706223833,,,3.42762142179611,OSD-203 7d hlu versus control
ENSMUSG00000019763,0.3284563458293306,3.8494909952714194,0.0002749857089155317,0.25912840706223833,Rmnd1,required for meiotic nuclear division 1 homolog,0.519256499460198,OSD-203 7d hlu versus control
ENSMUSG00000026659,-0.25322388076184144,-3.504759224887374,0.00027886322156910406,0.25912840706223833,Dusp12,dual specificity phosphatase 12,-0.546847746495317,OSD-203 7d hlu versus control
ENSMUSG00000027091,-0.20476916845095694,-3.237559526858518,0.00030305790207110105,0.25912840706223833,Zc3h15,zinc finger CCCH-type containing 15,-0.2359163352617,OSD-203 7d hlu versus control
ENSMUSG00000006418,-0.15061486620562015,-4.020887535677597,0.00030391191238664266,0.25912840706223833,Rnf114,ring finger protein 114,-0.195219822333293,OSD-203 7d hlu versus control
ENSMUSG00000030663,-0.23947995043541503,-3.1866051273288285,0.00030415152242457296,0.25912840706223833,1110004F10Rik,RIKEN cDNA 1110004F10 gene,-0.314255557253985,OSD-203 7d hlu versus control
ENSMUSG00000031688,-0.2843477164091839,-3.3152214137293345,0.00032805872297995574,0.2717328627927584,Pou4f2,"POU domain, class 4, transcription factor 2",-0.685171539513767,OSD-203 7d hlu versus control
ENSMUSG00000046364,-0.24833605527794056,-3.3805305669390737,0.00037673236109576127,0.28844145253913106,Rpl27a,ribosomal protein L27A,-0.30111519144723,OSD-203 7d hlu versus control
ENSMUSG00000112822,0.21698579497989723,4.105225603309018,0.0004083745709375318,0.28844145253913106,,,0.810460846665231,OSD-203 7d hlu versus control
ENSMUSG00000078126,-0.2717980974928764,-3.3515105033898225,0.00041640218836886317,0.28844145253913106,Rpl23a-ps3,"ribosomal protein L23A, pseudogene 3",-0.339828986171421,OSD-203 7d hlu versus control
ENSMUSG00000017188,-0.2548956555153481,-3.2070277029217262,0.00041806430548511133,0.28844145253913106,Coa3,cytochrome C oxidase assembly factor 3,-0.376709613482263,OSD-203 7d hlu versus control
ENSMUSG00000051154,-0.13360189558748736,-3.4167659542461624,0.0004246695076771536,0.28844145253913106,Commd3,COMM domain containing 3,-0.183883915732464,OSD-203 7d hlu versus control
ENSMUSG00000105283,0.20554883848248728,3.0276089294539292,0.00042879119592400893,0.28844145253913106,,,0.937888474298112,OSD-203 7d hlu versus control
ENSMUSG00000104094,0.30721088572972644,3.0269015901447562,0.00043999439027996365,0.28844145253913106,,,0.956379711059351,OSD-203 7d hlu versus control
ENSMUSG00000111163,-0.1870891967992252,-3.8176627102430585,0.00044274720100731356,0.28844145253913106,,,-2.95395347402587,OSD-203 7d hlu versus control
ENSMUSG00000020230,-0.18643139827567445,-3.1342097684662016,0.0004447226968597184,0.28844145253913106,Prmt2,protein arginine N-methyltransferase 2,-0.28216294097993,OSD-203 7d hlu versus control
ENSMUSG00000102566,0.1726518010839193,3.0640059883984763,0.00044496149491264056,0.28844145253913106,,,2.90532392039258,OSD-203 7d hlu versus control
ENSMUSG00000043419,-0.26961239000076276,-2.991324118634685,0.00045691795642919516,0.2898901392077058,Rnf227,ring finger protein 227,-0.367021484939169,OSD-203 7d hlu versus control
ENSMUSG00000106536,0.20241801020527994,3.3552493302765454,0.0004821205885208734,0.2995073714396651,,,3.32458384710195,OSD-203 7d hlu versus control
ENSMUSG00000107208,0.15214316778884296,2.9282402561273644,0.0005041680195141603,0.3027562156099915,,,1.23262006215832,OSD-203 7d hlu versus control
ENSMUSG00000024037,-0.24662798559692511,-3.09639144062706,0.00052569273662037,0.3027562156099915,Wdr4,WD repeat domain 4,-0.472650506090914,OSD-203 7d hlu versus control
ENSMUSG00000058625,0.6876638422349393,6.598823869157796,2.0386645422724727e-05,0.5755373133491463,Gm17383,"tubulin, alpha 1B pseudogene",7.03628601490917,OSD-203 1m radiation versus control
ENSMUSG00000121241,0.16339175217702984,4.818376285575827,3.860205327805401e-05,0.5755373133491463,,,0.970163033396377,OSD-203 1m radiation versus control
ENSMUSG00000036437,0.1550468987568463,6.086192563851062,0.00010669319251989825,0.842884879117506,Npy1r,neuropeptide Y receptor Y1,0.686281495488433,OSD-203 1m radiation versus control
ENSMUSG00000092702,-0.3465633024394892,-3.9682497983814597,0.00013037222050083855,0.842884879117506,,,-1.06414990615126,OSD-203 1m radiation versus control
ENSMUSG00000109473,0.14325671575441756,3.9605760454351566,0.00016384382578803384,0.842884879117506,B930025P03Rik,RIKEN cDNA B930025P03 gene,0.793041474815563,OSD-203 1m radiation versus control
ENSMUSG00000000355,0.19048558150515582,4.464401019794453,0.00019959807496380198,0.842884879117506,Mcts1,malignant T cell amplified sequence 1,0.437796442907791,OSD-203 1m radiation versus control
ENSMUSG00000110430,-0.1672612101459947,-7.1216698041737745,0.00023808196830093272,0.842884879117506,Cmtm1,CKLF-like MARVEL transmembrane domain containing 1,-2.80210550976292,OSD-203 1m radiation versus control
ENSMUSG00000056124,0.2804496122946265,4.512384595304712,0.00027059096876006037,0.842884879117506,B4galt6,"UDP-Gal:betaGlcNAc beta 1,4-galactosyltransferase, polypeptide 6",0.332825439607315,OSD-203 1m radiation versus control
ENSMUSG00000071862,0.3106705278356845,4.428636450231507,0.00035416810358060696,0.842884879117506,Lrrtm2,leucine rich repeat transmembrane neuronal 2,0.433562609284602,OSD-203 1m radiation versus control
ENSMUSG00000039988,-0.24761290031364602,-3.485341753483394,0.0004020707193749639,0.842884879117506,Ankrd13c,ankyrin repeat domain 13c,-0.307200179780095,OSD-203 1m radiation versus control
ENSMUSG00000082806,-0.20368708093861443,-3.357970737733111,0.00040434484812951774,0.842884879117506,Rpl13-ps1,"ribosomal protein L13, pseudogene 1",-1.9746893983709,OSD-203 1m radiation versus control
ENSMUSG00000115783,1.252373878415872,4.612408376527572,0.0004921587924399988,0.842884879117506,Bc1,brain cytoplasmic RNA 1,1.81986742990778,OSD-203 1m radiation versus control
ENSMUSG00000110099,-0.20148154408238828,-3.2779745846082555,0.0004977648056817807,0.842884879117506,,,-1.62566410538572,OSD-203 1m radiation versus control
ENSMUSG00000029422,-0.349446535786063,-3.197358619504216,0.0005138810377009647,0.842884879117506,Rsrc2,arginine/serine-rich coiled-coil 2,-0.373863198010345,OSD-203 1m radiation versus control
ENSMUSG00000009090,-0.2450358839744613,-3.187931586228689,0.0005238765515800754,0.842884879117506,Ap1b1,"adaptor protein complex AP-1, beta 1 subunit",-0.263567899016497,OSD-203 1m radiation versus control
ENSMUSG00000057751,-0.2249971618924116,-3.1749567930554106,0.0005447272677608287,0.842884879117506,Megf6,multiple EGF-like-domains 6,-1.00497857494868,OSD-203 1m radiation versus control
ENSMUSG00000079659,-0.26365880364143024,-3.3656908520452693,0.0005677992596139398,0.842884879117506,Tmem243,"transmembrane protein 243, mitochondrial",-0.393028157771316,OSD-203 1m radiation versus control
ENSMUSG00000018378,-0.28042940098162106,-3.1527774604801757,0.000580343803498266,0.842884879117506,2210416O15Rik|Cuedc1,RIKEN cDNA 2210416O15 gene|CUE domain containing 1,-0.32054111150692,OSD-203 1m radiation versus control
ENSMUSG00000120103,-0.21759750622544782,-3.479806742281917,0.0005998850371518081,0.842884879117506,,,-3.30261606272367,OSD-203 1m radiation versus control
ENSMUSG00000035686,0.24110896381220215,3.4199803665111648,0.0006022618126506994,0.842884879117506,Thrsp,thyroid hormone responsive,0.411735367912751,OSD-203 1m radiation versus control
ENSMUSG00000070858,0.2617722293342659,3.082980221377604,0.0006485008236056241,0.842884879117506,Nicol1,NELL2 interacting cell ontogeny regulator 1,0.594709817545719,OSD-203 1m radiation versus control
ENSMUSG00000026565,-0.3147715755794014,-3.472038365190112,0.000667430098759953,0.842884879117506,Pou2f1,"POU domain, class 2, transcription factor 1",-0.347826792035031,OSD-203 1m radiation versus control
ENSMUSG00000052133,-0.22484562446020107,-3.2666164905033837,0.0007249417484572496,0.842884879117506,Sema5b,"sema domain, seven thrombospondin repeats (type 1 and type 1-like), transmembrane domain (TM) and short cytoplasmic domain, (semaphorin) 5B",-0.358030295110812,OSD-203 1m radiation versus control
ENSMUSG00000023025,-0.2387786285496798,-3.748665697679491,0.0008152711396724595,0.842884879117506,Larp4,La ribonucleoprotein 4,-0.268429337617782,OSD-203 1m radiation versus control
ENSMUSG00000039168,-0.3166406407425004,-2.956737685724512,0.0009161133797550761,0.842884879117506,Dap,death-associated protein,-0.674077843743354,OSD-203 1m radiation versus control
ENSMUSG00000120081,-0.26463191363414396,-3.4438245399838077,0.0009203504658995728,0.842884879117506,,,-0.313656910922558,OSD-203 1m radiation versus control
ENSMUSG00000036295,0.30247970322390927,2.8937648714152897,0.0009795681379655276,0.842884879117506,Lrrn3,"leucine rich repeat protein 3, neuronal",0.375754236730609,OSD-203 1m radiation versus control
ENSMUSG00000100078,-0.2451139986528279,-2.907226612369909,0.0009796787635550465,0.842884879117506,,,-3.72634633399634,OSD-203 1m radiation versus control
ENSMUSG00000029832,0.15867791491702743,2.900428838122151,0.0009816845390356582,0.842884879117506,Nfe2l3,"nuclear factor, erythroid derived 2, like 3",1.5594292406275,OSD-203 1m radiation versus control
ENSMUSG00000028796,-0.1927016526545593,-3.2761774040606695,0.00098229780526576,0.842884879117506,Phc2,polyhomeotic 2,-0.215554007779922,OSD-203 1m radiation versus control
ENSMUSG00000047045,0.18224141594619425,2.8832598340603215,0.0009940208566914328,0.842884879117506,Tmem164,transmembrane protein 164,0.321694416896437,OSD-203 1m radiation versus control
ENSMUSG00000024384,-0.2915836292978593,-2.8811427515068644,0.0010021826708652413,0.842884879117506,Iws1,"IWS1, SUPT6 interacting protein",-0.336095075969411,OSD-203 1m radiation versus control
ENSMUSG00000110622,-0.1912676200929564,-3.0182622871654154,0.0010139903333613075,0.842884879117506,Iqcn,IQ motif containing N,-0.765122387461221,OSD-203 1m radiation versus control
ENSMUSG00000056076,-0.32964666622542715,-2.846651350716195,0.0010769379165049189,0.842884879117506,Eif3b,"eukaryotic translation initiation factor 3, subunit B",-0.401285936675122,OSD-203 1m radiation versus control
ENSMUSG00000078532,0.09636889492637923,2.9265380654264694,0.0010770980442650954,0.842884879117506,Nkain1,Na+/K+ transporting ATPase interacting 1,0.387509793541364,OSD-203 1m radiation versus control
ENSMUSG00000031834,0.14825072042478205,2.8456335505579617,0.0010778672143729835,0.842884879117506,Pik3r2,phosphoinositide-3-kinase regulatory subunit 2,0.182557317187777,OSD-203 1m radiation versus control
ENSMUSG00000028402,-0.29544210449684094,-2.8720428415832506,0.001105991673958477,0.842884879117506,Mpdz,multiple PDZ domain crumbs cell polarity complex component,-0.313334451150656,OSD-203 1m radiation versus control
ENSMUSG00000035311,0.1678160454187232,2.922283136085171,0.0011318272379081842,0.842884879117506,Gnptab,"N-acetylglucosamine-1-phosphate transferase, alpha and beta subunits",0.223734382806865,OSD-203 1m radiation versus control
ENSMUSG00000021540,-0.3374149389074006,-2.814878642512927,0.001154779484118985,0.842884879117506,Smad5,SMAD family member 5,-0.400259521670837,OSD-203 1m radiation versus control
ENSMUSG00000031703,0.2748164726997189,2.817516135831813,0.0011551653580083787,0.842884879117506,Itfg1,integrin alpha FG-GAP repeat containing 1,0.320069073263794,OSD-203 1m radiation versus control
ENSMUSG00000068099,0.2954098161588874,2.866785576198085,0.0012069018683200014,0.842884879117506,Smim45,small integral membrane protein 45,0.470559486815995,OSD-203 1m radiation versus control
ENSMUSG00000048108,-0.42063924915498063,-2.838725430499331,0.0012090386018386327,0.842884879117506,Tmem72,transmembrane protein 72,-1.26951585225016,OSD-203 1m radiation versus control
ENSMUSG00000057335,0.4182824752453591,3.8095031820164165,0.001215468318925945,0.842884879117506,Cep170,centrosomal protein 170,0.468290805202481,OSD-203 1m radiation versus control
ENSMUSG00000050947,0.24466199105864028,3.14529257681379,0.0012619289386489468,0.8552149777630216,Amigo1,adhesion molecule with Ig like domain 1,0.311289402860814,OSD-203 1m radiation versus control
ENSMUSG00000000759,-0.5031176604566312,-2.771077934412644,0.0013371565419693847,0.8563832404965305,Tubgcp3,"tubulin, gamma complex component 3",-0.641616497137315,OSD-203 1m radiation versus control
ENSMUSG00000023943,-0.4253615750257067,-2.7386574360639093,0.001383365859797399,0.8563832404965305,Sult1c1,"sulfotransferase family, cytosolic, 1C, member 1",-1.7595844861479,OSD-203 1m radiation versus control
ENSMUSG00000000787,-0.2723829915325382,-3.2919853744101877,0.0014062690225990703,0.8563832404965305,Ddx3x,"DEAD box helicase 3, X-linked",-0.280888772387335,OSD-203 1m radiation versus control
ENSMUSG00000048351,-0.2213744248935079,-3.764409030527304,0.0014561150258957537,0.8563832404965305,Coa7,cytochrome c oxidase assembly factor 7,-0.350285201500097,OSD-203 1m radiation versus control
ENSMUSG00000097558,-0.20142042348191858,-2.8687996249233576,0.001456616880874256,0.8563832404965305,,,-2.52583084829688,OSD-203 1m radiation versus control
ENSMUSG00000045871,0.2607811864473142,2.751734160025413,0.0014760518825149569,0.8563832404965305,Slitrk6,"SLIT and NTRK-like family, member 6",0.335933589672485,OSD-203 1m radiation versus control
ENSMUSG00000104523,-0.14349880173952823,-17.28542461888386,7.105273517387496e-06,0.1084670330062767,,,-2.41027774110221,OSD-203 1m hlu versus control
ENSMUSG00000054414,-0.23445897386685743,-5.947526298626135,7.2750282039154035e-06,0.1084670330062767,Slc30a7,"solute carrier family 30 (zinc transporter), member 7",-0.351527525786132,OSD-203 1m hlu versus control
ENSMUSG00000114723,-0.11588956162277331,-7.151934928224303,2.3686540482688007e-05,0.23543631688442457,,,-1.71168419057221,OSD-203 1m hlu versus control
ENSMUSG00000019992,-0.18250956098118465,-4.775867241710537,6.685829970546401e-05,0.4670353337316485,Mtfr2,mitochondrial fission regulator 2,-1.79975159111896,OSD-203 1m hlu versus control
ENSMUSG00000045319,0.211409760692975,4.2340611209230365,7.831170289608112e-05,0.4670353337316485,Proser2,proline and serine rich 2,0.328378763532522,OSD-203 1m hlu versus control
ENSMUSG00000120081,-0.18101112723387125,-3.759091391478562,0.0001797539638225092,0.7757692291703912,,,-0.215988318376211,OSD-203 1m hlu versus control
ENSMUSG00000000355,0.19842183091876464,3.6754470929287875,0.00020287131924506393,0.7757692291703912,Mcts1,malignant T cell amplified sequence 1,0.461727766525845,OSD-203 1m hlu versus control
ENSMUSG00000110430,-0.1672612101459947,-7.1216698041737745,0.00023808196830093272,0.7757692291703912,Cmtm1,CKLF-like MARVEL transmembrane domain containing 1,-2.92677010456734,OSD-203 1m hlu versus control
ENSMUSG00000000278,-0.24342977567187063,-4.195948614746246,0.0002466734535489269,0.7757692291703912,Scpep1,serine carboxypeptidase 1,-0.471866028220265,OSD-203 1m hlu versus control
ENSMUSG00000066150,-0.14142070035126153,-3.6802146427806504,0.0002601593712634197,0.7757692291703912,Slc31a1,"solute carrier family 31, member 1",-0.215645273038965,OSD-203 1m hlu versus control
ENSMUSG00000091542,-0.14372628329748238,-3.6214661534984542,0.00029585036010726346,0.8019965352762263,,,-0.734445307958628,OSD-203 1m hlu versus control
ENSMUSG00000024201,0.27257605512274097,3.64504871767462,0.00037114524260182076,0.8749630857896091,Kdm4b,lysine (K)-specific demethylase 4B,0.321501695039671,OSD-203 1m hlu versus control
ENSMUSG00000062070,0.3600474454997613,3.283472215449538,0.0004383999306483718,0.8749630857896091,Pgk1,phosphoglycerate kinase 1,0.379896061407105,OSD-203 1m hlu versus control
ENSMUSG00000029875,0.23361153127962098,3.389773033059068,0.0004916345089867651,0.8749630857896091,Ccdc184,coiled-coil domain containing 184,0.46402436690398,OSD-203 1m hlu versus control
ENSMUSG00000121783,1.099040162956694,3.3828886063231702,0.0006012180286417983,0.8749630857896091,Gpx4-ps2,"glutathione peroxidase 4, pseudogene 2",1.39440325841158,OSD-203 1m hlu versus control
ENSMUSG00000087440,-0.13340061599405306,-3.1228399949700183,0.0006092725105647645,0.8749630857896091,4930577N17Rik,RIKEN cDNA 4930577N17 gene,-0.885280617071528,OSD-203 1m hlu versus control
ENSMUSG00000054894,0.17602307091510117,3.2593098674461136,0.0006426574632894295,0.8749630857896091,Dmac2l,distal membrane arm assembly component 2 like,0.373466582313819,OSD-203 1m hlu versus control
ENSMUSG00000021900,0.11673467062065868,3.1855805890131097,0.0006899808643298417,0.8749630857896091,Btd,biotinidase,0.251856633428724,OSD-203 1m hlu versus control
ENSMUSG00000114577,0.1194696792700185,3.072103061792364,0.000700517177802131,0.8749630857896091,Gm35217,"predicted gene, 35217",1.138185397328,OSD-203 1m hlu versus control
ENSMUSG00000101166,-0.15128436853392113,-3.0482412049305436,0.0007015672568258338,0.8749630857896091,,,-1.25615622640563,OSD-203 1m hlu versus control
ENSMUSG00000112576,-0.13788069419895255,-3.144382378530137,0.0007209978945728572,0.8749630857896091,,,-1.71787777329003,OSD-203 1m hlu versus control
ENSMUSG00000031385,-0.17066808843930925,-5.3504645916953475,0.0007237476509621605,0.8749630857896091,Plxnb3,plexin B3,-3.20540262080026,OSD-203 1m hlu versus control
ENSMUSG00000037652,-0.19216139538476007,-3.114229955937814,0.0007765272802078482,0.8749630857896091,Phc3,polyhomeotic 3,-0.207548399062903,OSD-203 1m hlu versus control
ENSMUSG00000111748,-0.1999131197299251,-2.9832999814315477,0.0008058893604592005,0.8749630857896091,Gm34885,"predicted gene, 34885",-3.24639914640307,OSD-203 1m hlu versus control
ENSMUSG00000041078,-0.2853417750988463,-3.085733926418078,0.0008613072174936985,0.8749630857896091,Grid1,"glutamate receptor, ionotropic, delta 1",-0.394690615953257,OSD-203 1m hlu versus control
ENSMUSG00000120789,0.20437599397574147,2.9521862792913605,0.0008630388371311689,0.8749630857896091,,,0.42983808404739,OSD-203 1m hlu versus control
ENSMUSG00000097002,-0.20198194251164825,-5.0728628624292895,0.0008883686975435359,0.8749630857896091,,,-3.48459019635783,OSD-203 1m hlu versus control
ENSMUSG00000104093,-0.1944660775105369,-2.9329583834445363,0.0008914120846347037,0.8749630857896091,A330015K06Rik,RIKEN cDNA A330015K06 gene,-3.08787833695729,OSD-203 1m hlu versus control
ENSMUSG00000037653,0.2627054979120036,3.033747240570034,0.0008914410597898649,0.8749630857896091,Kctd8,potassium channel tetramerisation domain containing 8,0.395194242012863,OSD-203 1m hlu versus control
ENSMUSG00000037847,0.15684962455170126,2.9371621114010265,0.0009178093815923715,0.8749630857896091,Nmrk1,nicotinamide riboside kinase 1,0.396040212603217,OSD-203 1m hlu versus control
ENSMUSG00000026249,-0.29982405884353014,-2.906401643387074,0.0010044186914587323,0.8749630857896091,Serpine2,"serine (or cysteine) peptidase inhibitor, clade E, member 2",-0.703712885801658,OSD-203 1m hlu versus control
ENSMUSG00000038677,-0.3247000303783869,-3.329014248151178,0.0010188593890189288,0.8749630857896091,Scube3,"signal peptide, CUB domain, EGF-like 3",-1.32937097181784,OSD-203 1m hlu versus control
ENSMUSG00000108246,-0.20271853509253646,-2.932689851997794,0.0010545798420527061,0.8749630857896091,,,-1.3787481188352,OSD-203 1m hlu versus control
ENSMUSG00000091076,-0.15496102656822597,-4.786090765318522,0.0011101268439570042,0.8749630857896091,Vmn2r115,"vomeronasal 2, receptor 115",-2.32341940647871,OSD-203 1m hlu versus control
ENSMUSG00000063543,0.4762236571802845,3.015126084107787,0.0011820208361946107,0.8749630857896091,,,3.48139408755914,OSD-203 1m hlu versus control
ENSMUSG00000028047,-0.27768181887676224,-2.8605500353894113,0.0012509575920839709,0.8749630857896091,Thbs3,thrombospondin 3,-1.3146955891785,OSD-203 1m hlu versus control
ENSMUSG00000108076,-0.11064560424063963,-2.778906079653617,0.001254032161818062,0.8749630857896091,,,-1.35237433567273,OSD-203 1m hlu versus control
ENSMUSG00000028233,-0.19101254064617557,-2.7580952203113065,0.0013149808322614912,0.8749630857896091,Tgs1,trimethylguanosine synthase 1,-0.248101395974286,OSD-203 1m hlu versus control
ENSMUSG00000080862,-0.16414452172584948,-4.544033750133711,0.0013528951837796519,0.8749630857896091,,,-2.88558330351687,OSD-203 1m hlu versus control
ENSMUSG00000052299,0.17062268371522116,2.7579407495525468,0.0013636421370152945,0.8749630857896091,Ltn1,listerin E3 ubiquitin protein ligase 1,0.216377776680209,OSD-203 1m hlu versus control
ENSMUSG00000111377,-0.2347747380973404,-2.7398908471622234,0.0013853099955749605,0.8749630857896091,,,-3.41082233487448,OSD-203 1m hlu versus control
ENSMUSG00000043157,-0.2154594173415747,-4.513295425691311,0.001388244001557997,0.8749630857896091,Arl11,ADP-ribosylation factor-like 11,-3.82639199353075,OSD-203 1m hlu versus control
ENSMUSG00000115122,-0.2216648923257054,-3.2790497336365507,0.001427737123887988,0.8749630857896091,,,-0.88935395076231,OSD-203 1m hlu versus control
ENSMUSG00000026837,-0.5489306255170998,-2.9856311261800026,0.0014923270330062257,0.8749630857896091,Col5a1,"collagen, type V, alpha 1",-1.20749387116334,OSD-203 1m hlu versus control
ENSMUSG00000037656,-0.31947118148309706,-2.741522244519366,0.0015158537606985278,0.8749630857896091,Slc20a2,"solute carrier family 20, member 2",-0.433903431490295,OSD-203 1m hlu versus control
ENSMUSG00000050700,-0.1740793141686332,-2.904004644865327,0.001528743641603102,0.8749630857896091,Emilin3,elastin microfibril interfacer 3,-1.75076750271858,OSD-203 1m hlu versus control
ENSMUSG00000042271,0.18256663403205486,3.2647285573396525,0.0015336887860882623,0.8749630857896091,Nxt2,nuclear transport factor 2-like export factor 2,0.249182709412095,OSD-203 1m hlu versus control
ENSMUSG00000019777,0.1371791230767112,2.686963607056646,0.0015355266426581658,0.8749630857896091,Hdac2,histone deacetylase 2,0.170799923769081,OSD-203 1m hlu versus control
ENSMUSG00000029575,0.24006387916180394,2.6910059057286633,0.0015512507571028107,0.8749630857896091,Mmab,methylmalonic aciduria (cobalamin deficiency) cblB type homolog (human),0.345016628572022,OSD-203 1m hlu versus control
ENSMUSG00000088633,-0.16920520753258383,-4.347139566091961,0.001600403466726071,0.8749630857896091,Gm22313,"predicted gene, 22313",-2.98797266735684,OSD-203 1m hlu versus control
ENSMUSG00000117872,0.1326722306122594,13.492551629394985,1.3706151297067354e-05,0.4087037255272514,A530088E08Rik,RIKEN cDNA A530088E08 gene,2.28509311171466,OSD-203 4m radiation versus control
ENSMUSG00002075561,0.1600137825232757,8.349727042251034,9.195811674159964e-05,0.947736678211863,,,2.89269622196174,OSD-203 4m radiation versus control
ENSMUSG00000059159,-0.24058788622126315,-18.99273308474107,0.0001002609710181772,0.947736678211863,,,-4.0492234987439,OSD-203 4m radiation versus control
ENSMUSG00000029199,-0.25347355384970527,-4.111291799620124,0.00021266898537042044,0.947736678211863,Lias,lipoic acid synthetase,-0.398584824303233,OSD-203 4m radiation versus control
ENSMUSG00000048039,0.16051969140905697,3.6573835185452723,0.00042789098769851266,0.947736678211863,Isg20l2,interferon stimulated exonuclease gene 20-like 2,0.278338211607067,OSD-203 4m radiation versus control
ENSMUSG00000002221,0.22365741273323714,3.671201462466691,0.000506149665572306,0.947736678211863,Paxip1,PAX interacting (with transcription-activation domain) protein 1,0.277382407479312,OSD-203 4m radiation versus control
ENSMUSG00000107352,0.23826637505344728,5.047777528910632,0.000658398059212061,0.947736678211863,,,4.07929004472953,OSD-203 4m radiation versus control
ENSMUSG00000022408,0.13244382531768473,3.3385915431005397,0.000663762569867754,0.947736678211863,Fam83f,"family with sequence similarity 83, member F",0.577912259024024,OSD-203 4m radiation versus control
ENSMUSG00000041037,0.06666545754557518,3.5982329167473206,0.0006673148248679431,0.947736678211863,Irgq,"immunity-related GTPase family, Q",0.0833893326923869,OSD-203 4m radiation versus control
ENSMUSG00000026856,-0.2383388532361561,-3.2708045875467104,0.0007396745035262126,0.947736678211863,Dolpp1,dolichyl pyrophosphate phosphatase 1,-0.480290028165461,OSD-203 4m radiation versus control
ENSMUSG00000036480,0.5379402383923395,3.2725814931000023,0.0009054268001646906,0.947736678211863,Prss56,serine protease 56,0.948689143336113,OSD-203 4m radiation versus control
ENSMUSG00000050315,0.4646616938260397,3.5226740700541845,0.0009586499981055054,0.947736678211863,Synpo2,synaptopodin 2,0.564335728960218,OSD-203 4m radiation versus control
ENSMUSG00000110620,0.08787237177311447,3.1823821044409843,0.001030480244589448,0.947736678211863,,,0.398717878965635,OSD-203 4m radiation versus control
ENSMUSG00000120306,-0.15267799587876407,-8.48708956990881,0.0011033092733861482,0.947736678211863,,,-2.76148451552657,OSD-203 4m radiation versus control
ENSMUSG00000038500,0.22847899377791414,3.702112900934928,0.0011656955728072637,0.947736678211863,Prr3,proline-rich polypeptide 3,0.399514042807412,OSD-203 4m radiation versus control
ENSMUSG00000113835,-0.10393337619926157,-3.19250129193953,0.0012512768738464563,0.947736678211863,Gm19554,"predicted gene, 19554",-1.34359656916542,OSD-203 4m radiation versus control
ENSMUSG00000083761,-0.16868998491659415,-2.999162325739979,0.0012647895813595173,0.947736678211863,,,-2.8809094055664,OSD-203 4m radiation versus control
ENSMUSG00000102868,0.25507533503631485,4.026203029116123,0.0015640407243977623,0.947736678211863,,,4.3174445927287,OSD-203 4m radiation versus control
ENSMUSG00000064925,0.17042741880861634,3.9713248397546597,0.0016474032761183209,0.947736678211863,Snora62,"small nucleolar RNA, H/ACA box 62",3.11423559502167,OSD-203 4m radiation versus control
ENSMUSG00000043029,-0.22320672768270722,-2.843429773065373,0.0016481213134275643,0.947736678211863,Trpv3,"transient receptor potential cation channel, subfamily V, member 3",-3.37506001202258,OSD-203 4m radiation versus control
ENSMUSG00000086275,-0.1561479425046839,-3.197260385672679,0.001753962011008217,0.947736678211863,,,-2.66257814742884,OSD-203 4m radiation versus control
ENSMUSG00000031358,-0.15154587624462934,-2.9450671085091873,0.0017984716345767263,0.947736678211863,Msl3,MSL complex subunit 3,-0.254563277027959,OSD-203 4m radiation versus control
ENSMUSG00000034430,0.13287294697575902,2.7916292857188694,0.0018460500443939125,0.947736678211863,Zxdc,ZXD family zinc finger C,0.170148719732265,OSD-203 4m radiation versus control
ENSMUSG00000021067,0.1330636895987336,2.7993534756077145,0.0018733233344441463,0.947736678211863,Sav1,salvador family WW domain containing 1,0.188153845433065,OSD-203 4m radiation versus control
ENSMUSG00000106136,-0.15210945054105807,-2.7706604951738147,0.00190809464799094,0.947736678211863,,,-2.64522748127795,OSD-203 4m radiation versus control
ENSMUSG00000042604,0.15010424435169867,2.7585723717132606,0.0019515452601720407,0.947736678211863,Kcna4,"potassium voltage-gated channel, shaker-related subfamily, member 4",0.213578144485672,OSD-203 4m radiation versus control
ENSMUSG00000090002,-0.1325685449152223,-2.8667064582900235,0.0020121203917165603,0.947736678211863,,,-1.41961361064296,OSD-203 4m radiation versus control
ENSMUSG00000022952,-0.20348155957500147,-2.7807143851835505,0.002015274814692344,0.947736678211863,Runx1,runt related transcription factor 1,-0.775811978898291,OSD-203 4m radiation versus control
ENSMUSG00000066443,-0.39909776275214703,-3.418013945368386,0.0020311287248907708,0.947736678211863,Gm10163,60S ribosomal protein L21 pseudogene,-0.491046715548987,OSD-203 4m radiation versus control
ENSMUSG00000118292,0.1578733734256179,2.7401862064843137,0.0020481463343507353,0.947736678211863,Gm10549,predicted gene 10549,0.679168481276428,OSD-203 4m radiation versus control
ENSMUSG00000120737,-0.1618608603906262,-2.870937584427283,0.0020728446106082275,0.947736678211863,,,-0.486446524527399,OSD-203 4m radiation versus control
ENSMUSG00000034765,0.20348929214570788,2.703041047057272,0.002246011086455389,0.947736678211863,Dusp5,dual specificity phosphatase 5,0.326644922131038,OSD-203 4m radiation versus control
ENSMUSG00000027601,0.13906976168762597,2.645242418588847,0.002448892224326318,0.947736678211863,Mtfr1,mitochondrial fission regulator 1,0.158598792462128,OSD-203 4m radiation versus control
ENSMUSG00000030878,0.23817739335160226,3.392162172330452,0.00249456281053045,0.947736678211863,Cdr2,cerebellar degeneration-related 2,0.257109207079925,OSD-203 4m radiation versus control
ENSMUSG00000030374,0.1823552080682962,3.191927566037086,0.0026788907589503806,0.947736678211863,Strn4,"striatin, calmodulin binding protein 4",0.218771779742749,OSD-203 4m radiation versus control
ENSMUSG00000022554,-0.10923112232227439,-2.6030585968249875,0.0027954685547186054,0.947736678211863,Hgh1,HGH1 homolog,-0.275018009984345,OSD-203 4m radiation versus control
ENSMUSG00000015745,0.18572585377757456,2.5780106998418177,0.002831597944120876,0.947736678211863,Plekho1,"pleckstrin homology domain containing, family O member 1",0.324640102576908,OSD-203 4m radiation versus control
ENSMUSG00000102133,0.18720420829463613,3.8297484777290687,0.0028593630484766205,0.947736678211863,,,0.93316250303495,OSD-203 4m radiation versus control
ENSMUSG00000042029,-0.20860222343053003,-2.606816265220667,0.0029618262705518963,0.947736678211863,Ncapg2,"non-SMC condensin II complex, subunit G2",-0.513222588538732,OSD-203 4m radiation versus control
ENSMUSG00000032724,-0.1669294833504278,-2.7623252601412687,0.0031443457671004003,0.947736678211863,Abtb2,ankyrin repeat and BTB domain containing 2,-0.382812878333733,OSD-203 4m radiation versus control
ENSMUSG00000051498,0.2135095688637607,2.554537120096989,0.0032467286286410753,0.947736678211863,Tlr6,toll-like receptor 6,3.20732282534682,OSD-203 4m radiation versus control
ENSMUSG00000092972,-0.16845362493615657,-5.76294875724628,0.0034329805693868115,0.947736678211863,Mir3078,microRNA 3078,-3.06602539888804,OSD-203 4m radiation versus control
ENSMUSG00000074227,-0.19032079518769507,-2.481425358627447,0.0034444670167017486,0.947736678211863,Spint2,"serine protease inhibitor, Kunitz type 2",-0.261338610216546,OSD-203 4m radiation versus control
ENSMUSG00000030546,0.13898718252538433,3.0578283420143975,0.0034686584123384246,0.947736678211863,Plin1,perilipin 1,1.87961871032663,OSD-203 4m radiation versus control
ENSMUSG00000058594,-0.34029465924979263,-2.8067532581912498,0.0034720081704143883,0.947736678211863,Fbh1,F-box DNA helicase 1,-0.466940119466777,OSD-203 4m radiation versus control
ENSMUSG00000081094,-0.5229540467459444,-2.4983940113513587,0.0035472556188258053,0.947736678211863,Rpl19-ps11,"ribosomal protein L19, pseudogene 11",-0.88576368349562,OSD-203 4m radiation versus control
ENSMUSG00000040828,-0.19220693783106135,-2.4669402331416785,0.003550221079552666,0.947736678211863,Catsperd,cation channel sperm associated auxiliary subunit delta,-1.43124343338326,OSD-203 4m radiation versus control
ENSMUSG00000033860,-0.12862714544961662,-2.4942759385406865,0.00359363787762219,0.947736678211863,Fgg,fibrinogen gamma chain,-2.19706992731808,OSD-203 4m radiation versus control
ENSMUSG00000102713,-0.18178531143102372,-2.4641102355043714,0.0035937099167086257,0.947736678211863,,,-2.87652329190899,OSD-203 4m radiation versus control
ENSMUSG00000014426,0.14432392914607384,2.5738155521945614,0.0036140444435286273,0.947736678211863,Map3k4,mitogen-activated protein kinase kinase kinase 4,0.169549695185959,OSD-203 4m radiation versus control
ENSMUSG00000105472,0.2603638820015135,5.381484687602306,4.048491519385343e-05,0.9052723566761532,,,1.23558850374052,OSD-203 4m hlu versus control
ENSMUSG00000059159,-0.24058788622126315,-18.99273308474107,0.0001002609710181772,0.9052723566761532,,,-3.74031459055066,OSD-203 4m hlu versus control
ENSMUSG00000120184,0.17735170540999334,4.87114457825381,0.00013518404062619238,0.9052723566761532,,,1.56202988432663,OSD-203 4m hlu versus control
ENSMUSG00000051786,0.36476466712271716,4.387594727380334,0.0001390807790114055,0.9052723566761532,Tubgcp6,"tubulin, gamma complex component 6",0.506311074566399,OSD-203 4m hlu versus control
ENSMUSG00000115389,0.20932493047387712,4.753606626077307,0.00015425624563356014,0.9052723566761532,,,1.46175479889914,OSD-203 4m hlu versus control
ENSMUSG00000064925,0.20034524732518655,5.7710883827771235,0.0003917242759821079,0.9052723566761532,Snora62,"small nucleolar RNA, H/ACA box 62",3.56411864571048,OSD-203 4m hlu versus control
ENSMUSG00000021408,0.17412610038820375,3.648323596555041,0.00046412039370333864,0.9052723566761532,Ripk1,receptor (TNFRSF)-interacting serine-threonine kinase 1,0.365861666817828,OSD-203 4m hlu versus control
ENSMUSG00000049872,-0.11654608699991353,-3.790242496694021,0.0004975871954852051,0.9052723566761532,Calhm5,calcium homeostasis modulator family member 5,-0.595527482227132,OSD-203 4m hlu versus control
ENSMUSG00000022434,-0.21484645891679222,-3.9279275667986555,0.000698890083370878,0.9052723566761532,Fam118a,"family with sequence similarity 118, member A",-0.408435065826971,OSD-203 4m hlu versus control
ENSMUSG00000020130,-0.15654442750374464,-3.1940959296968128,0.0008779039060667043,0.9052723566761532,Tbc1d15,"TBC1 domain family, member 15",-0.218239953786679,OSD-203 4m hlu versus control
ENSMUSG00000074651,0.20190073547338905,4.661794508269595,0.0008943179078449894,0.9052723566761532,Mcidas,multiciliate differentiation and DNA synthesis associated cell cycle protein,3.59468511993783,OSD-203 4m hlu versus control
ENSMUSG00000031386,0.2683790772754513,4.005622933469127,0.0009367102509995544,0.9052723566761532,Hcfc1,host cell factor C1,0.286438325860387,OSD-203 4m hlu versus control
ENSMUSG00000114994,-0.1526770772783017,-8.487494226287096,0.0011031538541958197,0.9052723566761532,,,-2.45072476970458,OSD-203 4m hlu versus control
ENSMUSG00000098801,-0.15267834235690092,-8.486936944547354,0.001103367900824088,0.9052723566761532,,,-2.45137299375017,OSD-203 4m hlu versus control
ENSMUSG00000087203,-0.25960755733752805,-3.322567492381764,0.0011734491523754382,0.9052723566761532,Gm13986,predicted gene 13986,-1.68107618444243,OSD-203 4m hlu versus control
ENSMUSG00000028402,0.18259499966541703,2.892628315202175,0.0015017077277815333,0.9052723566761532,Mpdz,multiple PDZ domain crumbs cell polarity complex component,0.194181549023239,OSD-203 4m hlu versus control
ENSMUSG00000107283,-0.16823979940850364,-3.0114147748414832,0.0018368199733685019,0.9052723566761532,Mpv17,MpV17 mitochondrial inner membrane protein,-0.22746456752132,OSD-203 4m hlu versus control
ENSMUSG00000060798,0.12401499653061343,2.7445283834130634,0.002005635261605986,0.9052723566761532,Intu,inturned planar cell polarity protein,0.20730901608056,OSD-203 4m hlu versus control
ENSMUSG00000073400,-0.18284152956041133,-6.892098344732761,0.0020364228379271708,0.9052723566761532,Trim10,tripartite motif-containing 10,-2.96276813449777,OSD-203 4m hlu versus control
ENSMUSG00000107377,0.23680046669830457,2.7643538918379185,0.0020975900798245136,0.9052723566761532,,,1.97425687491026,OSD-203 4m hlu versus control
ENSMUSG00000072964,-0.2501430867517005,-3.165420599770683,0.002381300239448921,0.9052723566761532,Bhlhb9,"basic helix-loop-helix domain containing, class B9",-0.376485856832639,OSD-203 4m hlu versus control
ENSMUSG00000003348,-0.11224359550152485,-2.5838824355079804,0.002840375429195887,0.9052723566761532,Mob3a,MOB kinase activator 3A,-0.258924854523198,OSD-203 4m hlu versus control
ENSMUSG00000028003,-0.7024620649850837,-2.7164961535918404,0.002940321266687174,0.9052723566761532,Lrat,lecithin-retinol acyltransferase (phosphatidylcholine-retinol-O-acyltransferase),-1.446036140939,OSD-203 4m hlu versus control
ENSMUSG00000116903,0.1070896542301849,2.5483794046407073,0.0029911271763292026,0.9052723566761532,Gm19522,"predicted gene, 19522",0.693193035866687,OSD-203 4m hlu versus control
ENSMUSG00000022425,-0.4381816774375178,-2.6077292905720357,0.0031202048035271126,0.9052723566761532,Enpp2,ectonucleotide pyrophosphatase/phosphodiesterase 2,-0.51418118132439,OSD-203 4m hlu versus control
ENSMUSG00000103493,0.15214928758520774,2.6163137302512127,0.003124702299841115,0.9052723566761532,,,1.29153736292786,OSD-203 4m hlu versus control
ENSMUSG00000029136,-0.16809786486357314,-2.649209078885168,0.0031379405882756097,0.9052723566761532,Rbks,ribokinase,-0.503670686635479,OSD-203 4m hlu versus control
ENSMUSG00000119950,-0.25871949484352896,-2.6502255652235753,0.0031818517012327536,0.9052723566761532,,,-2.98197078033386,OSD-203 4m hlu versus control
ENSMUSG00000045519,-0.3397347188406963,-2.927542053504204,0.0032268354109386177,0.9052723566761532,Zfp560,zinc finger protein 560,-0.749709549699012,OSD-203 4m hlu versus control
ENSMUSG00000104950,0.2143359549170789,2.482312565237724,0.00345120158536485,0.9052723566761532,,,0.597404067364141,OSD-203 4m hlu versus control
ENSMUSG00000114623,0.1899263922609462,2.8691601663531086,0.0034955828727857127,0.9052723566761532,,,3.14153456748192,OSD-203 4m hlu versus control
ENSMUSG00000050244,0.18314667032045762,2.516489317741091,0.003566495780094357,0.9052723566761532,Heatr1,HEAT repeat containing 1,0.302009703982385,OSD-203 4m hlu versus control
ENSMUSG00000054277,-0.22528970003818571,-2.489341452171718,0.003605905880080538,0.9052723566761532,Arfgap3,ADP-ribosylation factor GTPase activating protein 3,-0.40074586212307,OSD-203 4m hlu versus control
ENSMUSG00000040136,0.17945120155827077,2.4803286959343485,0.003805311363542059,0.9052723566761532,Abcc8,"ATP-binding cassette, sub-family C member 8",0.338280472323027,OSD-203 4m hlu versus control
ENSMUSG00000033350,-0.24105826434007582,-2.829922987445451,0.00384201230348174,0.9052723566761532,Chst2,carbohydrate sulfotransferase 2,-0.273363273256695,OSD-203 4m hlu versus control
ENSMUSG00000027797,-0.20660114265081475,-2.5773104604624084,0.0038436954628929014,0.9052723566761532,Dclk1,doublecortin-like kinase 1,-0.235936214472242,OSD-203 4m hlu versus control
ENSMUSG00000113840,0.15134445626320137,2.418376741294587,0.003938986262065759,0.9052723566761532,Gm18955,heterogeneous nuclear ribonucleoprotein A2/B1 pseudogene,0.774647809445525,OSD-203 4m hlu versus control
ENSMUSG00000091519,0.2360018236707786,2.4601336445859268,0.003989153732051551,0.9052723566761532,Skor2,SKI family transcriptional corepressor 2,0.887729817801127,OSD-203 4m hlu versus control
ENSMUSG00000038782,0.20948032746117917,2.4670292123631543,0.0040008793392067084,0.9052723566761532,1700028J19Rik,RIKEN cDNA 1700028J19 gene,3.44323130405632,OSD-203 4m hlu versus control
ENSMUSG00000031750,-0.17889679538086778,-2.5568152500002372,0.0040384102237532625,0.9052723566761532,Il34,interleukin 34,-0.602354199136645,OSD-203 4m hlu versus control
ENSMUSG00000025816,0.1814721765825098,2.6528581865636878,0.0040573104341069316,0.9052723566761532,Sec61a2,SEC61 translocon subunit alpha 2,0.260864251685716,OSD-203 4m hlu versus control
ENSMUSG00000091631,-0.16364980341875235,-2.400278379996873,0.0040964487225326664,0.9052723566761532,Vmn2r95,"vomeronasal 2, receptor 95",-2.60175032136275,OSD-203 4m hlu versus control
ENSMUSG00000120357,-0.2452539347859659,-2.4374358267171274,0.004117970468663787,0.9052723566761532,,,-2.68754938173046,OSD-203 4m hlu versus control
ENSMUSG00000059481,-0.1390642360312757,-2.4183831574035355,0.00417503974595698,0.9052723566761532,Plg,plasminogen,-2.12858225625904,OSD-203 4m hlu versus control
ENSMUSG00000085910,-0.2354357266295244,-2.5234153877016885,0.004332776201515088,0.9052723566761532,,,-3.0625516832836,OSD-203 4m hlu versus control
ENSMUSG00000113080,-0.1755442260074389,-2.5298114368575373,0.004349387055375615,0.9052723566761532,,,-2.75247088199378,OSD-203 4m hlu versus control
ENSMUSG00000027667,-0.1278229011560068,-2.368516727184328,0.0044316461969774006,0.9052723566761532,Zfp639,zinc finger protein 639,-0.210687262807437,OSD-203 4m hlu versus control
ENSMUSG00000028174,-0.7843069548142125,-2.441302595908411,0.004492492329200844,0.9052723566761532,Rpe65,retinal pigment epithelium 65,-1.26062505923428,OSD-203 4m hlu versus control
ENSMUSG00000000805,0.19686998971904845,2.9299029990900722,0.004505484056827006,0.9052723566761532,Car4,carbonic anhydrase 4,1.4538797472839,OSD-203 4m hlu versus control
ENSMUSG00000108686,0.1958590991647382,2.9542019798320256,0.004557641279773891,0.9052723566761532,,,3.251680473511,OSD-203 4m hlu versus control
